ID,type,Country,Stage name,Length,Surface,Ch,OR,,Average Rating,,,,,,,,,,,,,,,,,,,,,,,,,,,,,,,,,,,,,,,,,,,,,,,,,,,,,,
10,,Finland,Kaihuavaara,6.1,snow,,,,2.89,,2,3,3,2,,4,3,4,3,,,2,,,3,,3,,,,3,3,3,2,4,3,1,3,,,3,,3,3,3,2,,4,3,,,,,,,,,3,,,,,
11,,Finland,Mustaselka,7.9,snow,,,,2.88,,3,3,2,2,,4,4,3,3,,,2,,,2,,,,,,3,3,,3,4,4,2,3,,,3,,3,2,3,2,,4,3,,,,,,,,,2,,,,,
12,,Finland,Sikakama,10.2,snow,,,,3.75,,4,3,4,4,,5,5,4,3,,,3,,,4,,4,,,5,3,3,,2,5,4,2,4,,,3,,3,4,3,4,5,4,,,,,3,,,,,5,,,,,
13,,Finland,Autiovaara,6.1,snow,,,,2.85,,3,3,3,2,,5,3,2,3,,,3,,,1,,2,,,,3,3,3,1,4,4,1,4,,,3,,3,3,3,3,,4,3,,,,,,,,,2,,,,,
14,,Finland,Kaihuavaara II,6.1,snow,,,,2.81,,2,3,2,2,,4,3,3,3,,,2,,,3,,3,,,,3,3,3,2,4,3,1,3,,,3,,3,3,3,2,,4,3,,,,,,,,,3,,,,,
15,,Finland,Mustaselka II,7.7,snow,,,,2.80,,2,3,2,2,,4,4,3,3,,,2,,,2,,,,,,3,3,,3,4,3,2,3,,,3,,3,2,3,2,,4,3,,,,,,,,,2,,,,,
20,,United Kingdom,Harwood Forest,6.1,gravel,,,,3.72,,3,5,3,4,3,3,4,4,3,,4,5,5,,2,3,3,5,4,,3,3,4,4,4,4,3,5,,,3,4,3,4,3,3,4,4,,,,,,5,,,5,3,,,,,
21,,United Kingdom,Falstone,6.6,gravel,,,,3.25,,2,5,2,4,3,4,3,3,3,,4,3,2,,3,4,4,4,2,4,3,3,3,4,5,3,3,3,,,3,3,2,3,3,3,2,4,4,,,,,,,,,4,,,,,
22,,United Kingdom,Chirdonhead,7,gravel,,,,4.33,,5,5,4,5,3,3,4,4,5,5,5,4,5,,4,5,4,5,4,5,4,3,3,5,5,3,4,4,,,3,4,5,5,5,5,5,4,3,,,,,5,,,5,5,,,,,
23,,United Kingdom,Shepherds Shield,4.8,gravel,,,,4.08,,4,5,5,5,3,4,4,5,4,,5,5,5,,4,3,4,5,3,4,4,3,3,5,5,4,2,5,,,3,4,4,5,4,3,5,3,4,,,,,,,,,4,,,,,
24,,United Kingdom,Harwood Forest II,5.9,gravel,,,,3.65,,3,5,3,3,3,3,4,4,3,,,5,5,,2,3,3,5,4,,4,3,4,4,4,3,3,5,,,3,4,3,4,3,3,,4,,,,,,5,,,4,3,,,,,
25,,United Kingdom,Chirdonhead II,6.9,gravel,,,,4.22,,5,5,4,4,3,3,4,5,5,,,4,5,,4,5,4,5,4,,4,3,3,5,5,3,4,4,,3,3,4,5,5,5,5,,4,3,,,,,5,,,5,5,,,,,
31,,Australia,NewBobs,10.1,gravel,,,,3.65,,4,3,5,2,3,5,3,4,,,,3,2,,2,3,4,4,4,,4,3,4,3,5,4,5,4,3,3,3,,4,5,4,4,4,4,4,,,,,,,,,3,,,,,
32,,Australia,Greenhills,6,gravel,,,,3.42,,3,3,3,4,3,4,3,3,,,,4,2,,2,3,5,3,4,,4,3,3,2,5,3,5,4,,3,3,,5,3,3,3,4,4,3,,,,,,,,,4,,,,,
33,,Australia,Mineshaft,8.2,gravel,,,,3.53,,4,3,4,5,3,5,3,3,4,,,3,2,,3,3,5,3,3,,4,4,4,3,5,3,4,3,2,3,4,,4,3,3,4,3,4,4,,,,,,,4,,3,,,,,
34,,Australia,East-West,9.5,gravel,,,,3.74,,4,3,4,2,3,5,5,3,,,,3,2,,2,5,3,5,5,,4,3,4,4,5,3,3,4,,3,4,,4,5,5,4,4,4,4,,,,,,,,4,2,,,,,
35,,Australia,NewBobs II,10,gravel,,,,3.62,,4,3,5,2,3,5,3,4,,,,2,2,,2,3,4,4,4,,4,3,4,3,5,4,4,4,3,3,4,,4,5,4,4,4,4,4,,,,,,,,,3,,,,,
36,,Australia,East-West II,9.6,gravel,,,,3.69,,4,3,4,2,3,5,5,3,,,,3,2,,2,3,4,5,4,,4,3,4,4,5,3,3,3,,3,4,,4,5,5,4,4,4,4,,,,,,,,,,,,,,
41,,France,Cote D'Arbroz,4.5,tarmac,,,,3.97,,3,4,4,5,3,4,3,4,4,,4,3,,5,5,3,5,5,3,4,4,3,4,3,5,3,5,5,4,3,4,,5,5,3,3,5,4,4,,,,4,,,,4,4,,,,,
42,,France,Joux Verte,7.9,tarmac,,,,3.65,,4,4,4,3,4,4,4,4,3,,,3,5,4,4,5,3,3,3,,4,3,4,4,5,3,5,4,3,3,3,,5,1,3,2,2,4,5,,,,4,,,,,4,,,,,
43,,France,Bisanne,5.6,tarmac,,,,3.51,,2,4,3,3,3,5,3,4,2,,4,3,,3,3,4,5,2,3,,4,3,4,5,5,4,4,3,3,3,2,,5,3,3,3,4,4,4,,,,5,,,,,3,,,,,
44,,France,Joux Plane,11.1,tarmac,,,,3.97,,3,4,4,3,4,4,3,4,2,,4,3,5,4,4,4,4,4,3,,4,3,,4,5,4,5,5,5,3,4,,4,3,5,4,5,3,,,,,5,5,,,4,5,,,,,
45,,France,Joux Verte II,7.8,tarmac,,,,3.75,,4,4,4,3,4,4,4,5,3,,,3,5,4,4,3,4,3,3,,4,3,4,4,5,3,5,4,4,3,3,,5,1,3,2,5,4,5,,,,,,,,,4,,,,,
46,,France,Cote D'Arbroz II,4.3,tarmac,,,,3.76,,3,4,3,2,3,4,3,5,3,,,3,5,3,5,3,5,5,3,,4,3,4,3,5,3,5,5,4,3,4,,5,2,3,3,5,4,4,,,,4,,,,4,4,,,,,
51,,Japan,Noiker,13.8,gravel,,,,3.26,,3,2,3,3,3,4,3,3,3,,,4,5,,3,3,4,1,2,,3,3,3,2,4,4,5,3,3,2,3,,3,3,4,4,4,4,4,,,,,,,,,4,,,,,
52,,Japan,Sipirkakim,8.7,gravel,,,,3.61,,4,4,4,3,4,4,4,4,3,,,5,3,,2,3,5,4,2,,3,3,3,3,4,3,3,5,,2,4,,4,3,4,5,4,4,4,,,,4,,,3,,4,,,,,
53,,Japan,Pirka Menoko,6.7,gravel,,,,3.00,,2,2,1,2,,4,3,4,3,,,3,5,,3,3,3,1,2,,3,3,4,3,3,3,4,2,,2,3,,3,3,4,3,4,4,4,,,,,,,,,3,,,,,
54,,Japan,Tanner,3.9,gravel,,,,2.83,,2,2,0,5,3,2,2,3,3,,,2,5,,5,3,3,3,2,,3,3,4,4,4,3,0,2,1,2,3,,3,4,1,2,,4,4,,,,2,,,,5,3,,,,,
55,,Japan,Noiker II,13.7,gravel,,,,3.27,,3,2,3,3,3,4,3,3,3,,,4,5,,3,,4,1,2,,3,3,3,2,4,4,5,3,3,2,4,,3,4,4,4,,4,4,,,,,,,,,3,,,,,
56,,Japan,Tanner II,4,gravel,,,,2.76,,2,2,0,4,3,2,2,4,3,,,2,5,,5,,3,3,2,,3,3,4,4,3,3,0,2,0,2,3,,3,3,1,2,,4,4,,,,,,,,5,3,,,,,
61,,USA,Fraizer Wells,5,gravel,,,,3.06,,3,2,3,4,2,3,3,2,5,,,5,5,,3,,4,4,2,,,3,2,2,4,4,2,3,,2,,,5,0,2,3,4,3,3,,,,3,,,,,3,,,,,
62,,USA,Prospect Ridge,7.8,gravel,,,,3.71,,4,2,4,4,4,4,4,4,4,,,4,,,3,,4,4,4,,,3,4,4,4,3,4,5,,2,3,,5,0,4,4,5,4,4,,,,,,,,,4,,,,,
63,,USA,Diamond Creek,7.1,gravel,,,,3.06,,2,2,3,4,2,3,3,3,1,,,4,5,,3,3,3,4,2,,,3,3,2,4,3,4,4,3,2,,,2,3,2,4,5,4,3,,,,,,,,3,3,,,,,
64,,USA,Hualapai Nation,8.6,gravel,,,,2.72,,2,2,1,2,,3,3,4,0,,,4,4,,1,2,2,4,2,,,3,,1,4,4,3,4,,2,,,2,1,3,4,5,4,,,,,,,,,,3,,,,,
65,,USA,Prospect Ridge II,7.9,gravel,,,,3.56,,4,2,4,4,4,4,3,5,4,,,2,,,3,3,3,4,4,,,3,4,4,4,3,4,4,,2,3,,5,0,4,4,5,4,4,,,,,,,,,4,,,,,
66,,USA,Diamond Creek II,6.8,gravel,,,,3.00,,2,2,3,4,2,3,3,3,1,,,2,5,,3,3,4,4,2,,,,3,2,4,3,4,4,3,2,,,2,0,2,4,5,4,3,,,,,,,,3,5,,,,,
71,,United Kingdom,Rally School Stage,2.2,gravel,,,,3.95,,5,5,4,5,3,4,5,4,5,,5,4,5,,5,3,4,5,4,4,3,,,4,3,3,3,5,4,4,3,4,5,2,3,3,3,4,,,,,,,,3,4,4,,,,,
101,,Finland,Autiovaara II,6.1,snow,,,,2.84,,2,,3,3,4,5,3,2,,,,2,,,1,2,,,,,3,,3,1,4,4,1,5,,2,,,3,3,3,3,3,4,,,,,,,,,,2,,,,,
102,,Finland,Sikakama II,10.2,snow,,,,3.67,,4,,4,4,,5,5,4,,,,2,,,4,,,,,,3,,,2,5,4,2,4,,2,,,3,4,3,4,,4,,,,,,,,,,5,,,,,
103,,United Kingdom,Falstone II,6.6,gravel,,,,3.14,,2,,2,4,3,4,3,3,3,,,3,2,,3,,,4,2,,4,,3,4,5,3,3,3,,2,,3,3,4,3,3,,4,,,,,,,,,,3,,,,,
104,,United Kingdom,Shepherds Shield II,4.8,gravel,,,,3.80,,4,,4,5,4,4,4,4,4,,,3,5,,4,3,4,5,3,,4,,3,4,5,3,2,5,,3,,4,4,4,3,3,,3,,,,,,,,,,4,,,,,
105,,Australia,Greenhills II,6,gravel,,,,3.23,,3,,3,3,3,3,3,3,,,,2,2,,2,,3,4,4,,4,,3,2,5,3,5,3,,3,,,5,3,3,3,,4,,,,,,,,,,,,,,,
106,,Australia,Mineshaft II,8.2,gravel,,,,3.36,,3,,3,4,3,4,3,2,,,,3,2,,3,,4,3,3,,4,4,4,3,5,3,4,3,,3,,,4,3,3,4,3,4,,,,,,,,,,,,,,,
107,,France,Joux Plane II,11.1,tarmac,,,,3.73,,3,,4,3,4,4,3,4,,,,4,5,4,4,,4,4,2,,4,,,3,5,4,5,5,5,3,,,3,1,4,4,4,3,,,,,3,,,,,4,,,,,
108,,France,Bisanne II,5.6,tarmac,,,,3.36,,2,,3,2,2,4,3,4,,,,3,,3,4,,4,3,2,,4,,4,4,5,3,4,3,,3,,,5,2,3,3,5,3,,,,,4,,,,,,,,,,
109,,Japan,Sipirkakim II,8.7,gravel,,,,3.43,,3,,3,2,4,3,4,3,,,,4,3,,2,5,5,4,2,,3,,3,3,4,3,3,5,,2,,,3,3,4,5,,4,,,,,,,,,,4,,,,,
110,,Japan,Pirka Menoko II,6.7,gravel,,,,2.83,,2,,1,2,,4,3,3,,,,2,5,,2,3,,1,2,,3,,4,3,3,3,4,2,,2,,,3,,4,3,,4,,,,,,,,,,,,,,,
111,,USA,Fraizer Wells II,5.1,gravel,,,,2.72,,3,,3,3,2,3,3,2,,,,2,5,,3,,3,3,2,,,,,2,4,3,2,3,,2,,,4,0,2,3,,3,,,,,,,,,,3,,,,,
112,,USA,Hualapai Nation II,8.6,gravel,,,,2.46,,2,,1,1,,2,3,4,,,,0,5,,1,2,2,4,2,,,,,1,3,4,3,4,,2,,,2,0,3,4,,4,,,,,,,,,,,,,,,
113,,United Kingdom,Rally School Stage II,2.2,gravel,,,,3.77,,4,,3,5,3,4,4,4,,,,4,5,5,5,3,4,5,4,,4,,,4,3,3,3,4,4,3,,4,4,3,3,3,,4,,,,,,,,3,,3,,,,,
114,,Italy,Castrezzato,8.1,tarmac,,,,2.52,,3,,2,4,2,2,2,3,2,1,3,1,,,5,4,,,1,,2,,,,2,4,1,2,,,,3,4,3,2,2,3,2,,,,,3,,,,,,,,,,
115,,Italy,SS Daniel Bonara,5.8,tarmac,,,,2.37,,3,,2,4,,2,2,3,2,1,3,1,,,5,3,,1,1,,2,,,,2,4,1,3,,,2,3,4,4,2,2,,2,,,,,,,,,,0,,,,,
116,,Czech Republic,Rally School Czech II,3.1,tarmac,,,,2.79,,2,,3,5,3,3,3,4,3,,,1,,3,4,3,4,3,2,,3,,,3,,3,3,2,,3,,3,2,1,3,3,3,2,,,,,,1,,,,,,,,,
117,,France,Courcelle Val d'Esnoms,7.9,tarmac,,,,3.16,,2,,3,3,4,3,3,3,3,,,2,,4,3,3,,3,3,,3,,,,3,3,5,2,4,4,3,3,5,3,4,3,3,3,,,,,,2,,,3,,,,,,
118,,Ukraine,Livadija,5.6,tarmac,,,,1.92,,0,,1,2,1,2,3,2,0,,,0,,1,2,3,,,,,2,,,,2,1,4,0,,,1,3,5,2,3,2,3,3,,,,,,,,,,,,,,,
119,,Sweden,Karlstad II,2,snow,,,,3.25,,4,,4,5,2,3,3,2,3,,4,2,3,3,5,3,3,,5,,3,,,4,3,3,2,5,,2,,3,2,3,3,2,4,4,,,,,4,,,,,3,,,,,
120,,Japan,Akagi 2,3.5,tarmac,,,,2.71,,1,,1,2,2,3,3,2,2,,,0,5,3,5,3,,,4,,2,,,2,3,3,3,2,,,3,3,5,3,2,2,4,3,,,,,,,,,,,,,,,
121,,United Kingdom,Sweet Lamb 2,5.2,gravel,,,,3.27,,2,,3,2,,3,4,3,4,,,5,5,2,3,2,3,4,3,,3,,,4,3,3,4,3,4,,2,4,5,4,3,3,4,3,,,,,,,,3,2,3,,,,,
122,,Germany,Bruchsal Unteröwisheim,8.4,tarmac,,,,3.46,,5,,3,3,4,4,3,1,4,,3,3,,3,4,5,4,4,5,,5,5,,4,4,4,2,2,,4,3,3,4,4,3,3,4,2,,,,,,3,,3,1,,,,,,
123,,Czech Republic,Rally School Czech,3,tarmac,,,,2.83,,2,,3,5,3,3,3,4,3,,,2,,3,4,3,3,3,2,,4,,,3,3,3,3,2,,,,3,3,1,3,2,,2,,,,,,1,,,3,,,,,,
124,,Finland,Humalamaki 2,4.6,gravel,,,,3.00,,3,,3,3,2,3,3,4,3,0,,3,,2,3,2,,5,4,,,,,3,3,3,4,4,3,,,3,3,2,3,3,,3,,,,,,,,,,4,,,,,
125,,USA,Sardian,5.1,tarmac,,,,2.56,,2,,3,1,2,3,2,2,1,5,3,1,,3,5,2,2,4,2,,,,,4,2,3,1,2,,3,2,4,3,3,3,2,,1,,,,,,2,,,4,,,,,,
126,,USA,Sardian Night,5.1,tarmac,,,,2.55,,2,,3,1,2,3,2,1,1,5,3,1,,3,5,2,2,4,2,,,5,,3,2,3,1,1,,3,2,4,3,3,3,2,3,1,,,,,,,,,,3,,,,,
127,,United Kingdom,Loch Ard,8.4,gravel,,,,4.23,,5,,4,5,4,4,4,4,3,,5,5,5,4,2,3,5,5,4,5,4,,,5,4,4,4,5,,3,3,4,5,5,5,4,,3,,,,,5,,,4,,5,,,,,
128,,United Kingdom,Loch Ard 2,8.4,gravel,,,,4.21,,5,,4,5,4,4,4,4,3,,5,5,5,4,3,3,5,5,4,5,4,,,5,4,4,4,5,,3,3,4,5,5,5,4,,3,,,,,,,,4,,4,,,,,
129,,France,Peyregrosse Mandagout,12.8,tarmac,,,,4.50,,4,,4,5,5,5,5,5,3,,4,4,,5,5,4,5,5,4,,5,,,5,5,4,5,4,5,3,4,3,5,5,4,5,5,5,,,,,5,5,,4,,4,,,,,
130,,Lithuania,Versme RallyCross,3.3,gravel,,,,3.21,,4,,3,3,,3,3,2,3,,3,5,,4,4,3,3,4,3,,,,,,3,4,4,3,,,3,4,3,3,2,3,,3,,,,,,,,3,,2,,,,,
131,,Slovakia,Peklo,8.4,tarmac,,,,4.06,,3,,4,5,4,5,4,4,3,,4,3,,4,4,5,4,5,4,,5,,,5,3,4,5,3,4,4,3,3,5,5,4,3,5,4,,,,,4,,,3,5,,,,,,
132,,Slovakia,Peklo R,8.4,tarmac,,,,4.03,,3,,4,5,4,5,4,5,3,,4,3,,4,4,4,4,5,4,,5,,,5,3,4,5,3,4,4,3,3,5,4,4,3,5,4,,,,,4,,,3,5,,,,,,
133,,Slovakia,Peklo Snow,8.4,snow,,,,3.56,,3,,4,3,4,4,3,4,3,,,3,,4,3,,3,4,3,,,,,5,3,3,5,3,,4,3,3,5,4,4,3,,3,,,,,,,,,,,,,,,
134,,Slovakia,Peklo Snow R,8.4,snow,,,,3.50,,3,,4,3,4,4,3,4,3,,,3,,4,3,,3,4,3,,,,,5,3,3,5,3,,4,3,3,5,3,4,3,,3,,,,,,,,,,3,,,,,
135,,Slovakia,Mlynky,7,tarmac,,,,3.00,,2,,3,3,3,4,3,4,2,,,3,,1,4,3,2,5,4,,4,,,4,3,4,2,2,,3,2,3,2,4,3,3,4,3,,0,,,,4,,2,4,3,,,,,
136,,Slovakia,Mlynky Snow,7,snow,,,,2.84,,3,,3,3,3,3,3,4,1,,,3,,1,4,,2,5,4,,4,,,4,3,3,2,2,,3,2,3,2,3,4,3,,3,,0,,,,,,1,4,3,,,,,
137,,United Kingdom,Sweet Lamb,5.1,gravel,,,,3.51,,3,,3,3,,3,4,4,4,,,5,5,2,3,2,3,4,3,5,4,,,4,4,3,4,4,4,3,3,4,5,5,3,3,4,3,,,,,3,2,,3,3,3,,,,,
138,,Ireland,RSI 1,1.5,tarmac,,,,1.81,,1,,1,2,,2,2,1,2,,,1,,,5,1,3,2,1,,2,,,3,2,3,2,1,,,,3,2,0,1,2,,1,,,,,,,,,,1,,,,,
139,,Ireland,RSI 2,1,tarmac,,,,1.69,,1,,1,2,,2,2,1,2,,,1,,,4,0,3,2,1,,2,,,3,2,3,2,1,,,,2,2,0,1,2,,1,,,,,,,,,,1,,,,,
140,,Ireland,RSI 3,1.8,tarmac,,,,1.88,,1,,1,2,,3,2,1,2,,,1,,,5,1,3,2,1,,2,,,4,2,3,2,1,,,,3,2,0,1,2,,1,,,,,,,,,,1,,,,,
141,,United Kingdom,ROC 2008,1.9,tarmac,,,,2.74,,3,,2,5,3,3,3,2,2,,4,2,,3,5,2,,2,1,,,,,3,3,3,2,3,,3,2,3,2,3,3,2,3,2,,,,,,,,,4,2,,,,,
142,,Netherlands,PTD RallySprint,5.1,gravel,,,,3.41,,3,,4,2,4,4,4,3,4,,4,4,,4,4,4,,3,4,,4,,,5,3,4,1,5,,2,2,4,4,2,3,2,4,3,,,,,,,,4,,2,,,,,
143,,Portugal,Portugal SS18 2007,2.4,tarmac,,,,2.22,,2,,2,5,,2,2,2,,,3,0,,2,5,2,,2,3,,,,,,,,1,1,,3,,3,2,3,1,2,2,1,,,,,,,,,,,,,,,
144,,Slovakia,Mlynky Snow R,7.1,snow,,,,2.72,,3,,3,3,3,3,3,3,1,,,3,,1,4,3,,4,4,,,,,4,3,3,2,2,,3,3,3,2,3,,3,,3,,0,,,,,,1,,3,,,,,
145,,Slovenia,Sorica,15,tarmac,,,,4.37,,4,,5,4,4,5,5,5,4,5,5,2,,5,3,5,5,5,4,4,5,,,4,5,4,5,4,5,4,4,4,5,4,5,3,4,3,,,,,5,5,,5,4.5,4,,,,,
146,,Japan,Shomaru Pass,5.8,tarmac,,,,3.42,,2,,2,4,4,4,5,4,3,,,1,,2,4,5,,,4,,3,,,2,2,3,4,3,2,2,3,4,4,5,5,3,4,4,,,,,5,,,4,4,3,,,,,
147,,Japan,Shomaru Pass II,5.8,tarmac,,,,3.42,,2,,2,4,4,4,4,4,3,,,1,,2,4,5,,,4,,3,,,2,2,3,4,3,3,2,3,4,4,5,5,3,,4,,,,,5,,,4,4,,,,,,
149,,Czech Republic,Pribram,9.1,tarmac,,,,3.88,,4,,4,3,4,4,4,3,3,5,,4,,5,4,3,3,4,4,4,4,,,5,4,4,4,3,4,,4,4,5,5,4,3,,3,,,,,,4,,4,,3,,,,,
150,,Czech Republic,Pribram R,9,tarmac,,,,3.85,,4,,4,3,4,4,4,3,3,5,,4,,4,4,3,3,4,4,,4,,,5,4,3,4,3,4,,4,4,5,5,4,3,4,3,,,,,,4,,4,,,,,,,
151,,Germany,Bergheim,7.8,tarmac,,,,3.97,,4,,4,5,4,4,4,1,2,5,,4,,5,5,3,4,4,5,,5,,,5,5,4,5,3,4,4,4,4,5,4,4,2,4,3,,,,,,3,,,,,,,,,
152,,Slovakia,Mlynky R,7,tarmac,,,,2.97,,3,,3,3,3,4,3,4,1,,,4,,1,4,3,,4,4,,4,,,4,3,4,4,2,,3,3,3,2,3,,3,,3,,0,,,,,,1,,,,,,,
153,,Poland,RP 2009 Shakedown,4.5,gravel,,,,3.28,,3,,3,1,,3,3,3,3,,,3,,4,2,3,,3,3,,4,,,,3,4,5,4,2,2,3,4,5,4,4,3,4,3,,,,,4,3,,,4,3,,,,,
154,,Poland,RP 2009 Shakedown R,4.6,gravel,,,,3.23,,3,,3,1,,3,3,3,3,,,3,,4,2,3,,3,3,,4,,,,3,4,5,4,2,2,3,4,5,4,4,3,3,3,,,,,,3,,,4,3,,,,,
155,,France,Puy Du Lac,5.1,tarmac,,,,3.00,,3,,3,5,4,4,3,2,2,,3,2,5,3,5,3,,1,2,,4,,,2,3,3,3,3,4,,,4,3,3,3,3,2,1,,,,,,3,,3,2,3,,,,,
156,,Finland,Humalamaki,4.6,gravel,,,,3.19,,4,,3,3,,3,4,4,4,0,,4,,2,3,2,4,4,4,,,,,3,3,3,4,4,3,,,3,3,2,3,3,4,3,,,,,3,,,,3,4,,,,,
157,,Spain,Gran Canaria ROC 2000,3.8,gravel,,,,3.30,,4,,4,3,,4,4,3,3,,,3,,3,5,4,,4,2,,3,,,3,3,4,4,4,,,,3,3,2,3,3,3,2,,,,,,,,,,3,,,,,
158,,Switzerland,Swiss Gravel,5.6,gravel,,,,2.46,,2,,2,1,,,3,4,,,,0,5,,2,2,,3,2,,2,3,,3,3,3,4,2,3,2,,3,4,3,2,2,1,1,,,,,,,,2,,,,,,,
159,,Switzerland,Swiss Tarmac,5.6,tarmac,,,,2.45,,2,,2,1,3,3,2,4,,,0,0,,,2,2,,4,3,,3,3,,4,3,3,4,2,3,2,,3,4,3,2,2,1,1,,,,,,,,,,,,,,,
160,,France,Foron,9.2,tarmac,,,,2.47,,1,,2,3,3,3,1,3,,,,2,,1,3,1,3,3,3,,3,,,2,3,4,5,2,2,2,,2,5,0,0,2,4,2,,,,,4,2,,,,3,,,,,
161,,France,Foron II,9.2,tarmac,,,,2.40,,1,,2,3,3,3,1,3,,,,2,,1,3,1,3,3,3,,3,,,2,3,4,5,2,2,2,,2,5,0,0,2,4,2,,,,,,2,,,,,,,,,
162,,Sweden,Karlstad,2,snow,,,,3.24,,4,,4,4,3,4,3,2,3,,,1,3,3,5,3,3,2,5,,3,,,4,3,3,2,5,,,,3,2,3,3,2,3,4,,,,,4,4,,,4,3,,,,,
163,,Germany,Sieversdorf,8,tarmac,,,,3.80,,4,,4,4,4,5,3,1,1,,,3,,5,5,5,4,5,5,,4,5,,4,4,4,5,4,4,,,3,5,3,3,2,4,3,,,,,4,4,,3,3,4,,,,,
164,,Czech Republic,Stryckovy-Zadni Porici,6.9,tarmac,,,,4.39,,5,,5,3,5,4,4,4,5,5,,4,,5,4,5,3,5,4,,5,,,5,4,5,4,5,5,4,,,5,5,5,3,4,4,,,,,,4,,4,4,,,,,,
165,,Czech Republic,Osli-Stryckovy,10.7,tarmac,,,,4.57,,4,,5,5,5,5,5,4,5,5,,3,,5,4,5,,5,5,5,5,,,5,4,5,5,4,5,4,,,5,5,5,3,5,4,,,,,5,4,,4,4,4,,,,,
166,,Czech Republic,Hradek 1,6,tarmac,,,,4.31,,5,,5,5,5,4,4,5,5,5,,3,,5,5,3,3,4,3,5,5,,,5,5,5,4,4,3,4,,4,5,5,4,,4,3,,,,,4,4,,4,5,4,,,,,
167,,Czech Republic,Hradek 2,6,tarmac,,,,4.29,,5,,5,5,5,4,4,5,5,5,,3,,5,5,3,3,4,3,,5,,,5,5,5,4,4,3,4,,4,5,5,4,,4,3,,,,,,4,,4,5,4,,,,,
168,,Czech Republic,Liptakov 1,6,tarmac,,,,4.38,,5,,5,5,5,4,4,5,5,5,,3,,5,5,3,,4,3,,5,,,5,5,5,5,4,3,4,,4,5,5,4,,4,3,,,,,,4,,,5,4,,,,,
169,,Czech Republic,Liptakov 2,5.9,tarmac,,,,4.38,,5,,5,5,5,4,4,5,5,5,,3,,5,5,3,,4,3,,5,,,5,5,5,5,4,3,4,,4,5,5,4,,4,3,,,,,,4,,,5,4,,,,,
170,,Australia,Greenhills II Snow,6,snow,,,,2.15,,2,,2,2,3,2,2,1,,3,,1,2,,2,2,,,3,,,,,2,,1,3,2,,,,,3,1,,,,4,,,,,,,,,,,,,,,
171,,Australia,Mineshaft II Snow,8.2,snow,,,,2.35,,2,,2,2,3,,2,1,,3,,1,2,,3,,,,3,,,,,3,,,3,2,,,,,3,1,,,,4,,,,,,,,,,,,,,,
172,,France,Joux Plane II Snow,11.1,snow,,,,3.05,,3,,3,2,4,,3,3,,3,,1,5,3,4,,4,,2,,,,,4,3,,4,2,,,,,3,0,,4,,4,,,,,3,,,,,,,,,,
173,,France,Bisanne II Snow,5.6,snow,,,,2.60,,3,,3,2,2,2,3,3,,3,,1,,2,4,,,,2,,,,,4,3,,3,2,,,,,3,2,,3,,2,,,,,,,,,,,,,,,
174,,USA,Fraizer Wells II Snow,5.1,snow,,,,2.42,,1,,2,3,2,3,2,1,,3,,1,5,,3,,,,3,,,,,2,,,2,3,,,,,3,1,,3,,3,,,,,,,,,,,,,,,
175,,USA,Hualapai Nation II Snow,8.6,snow,,,,2.12,,1,,0,1,,,2,1,,3,,1,5,,1,,,,3,,,,,1,,,3,3,,,,,3,1,,3,,4,,,,,,,,,,,,,,,
176,,Czech Republic,Semetin 2009,11.7,tarmac,,,,4.57,,5,,5,5,4,5,5,5,4,5,,3,3,5,5,5,5,5,5,,5,5,,5,4,5,4,4,5,4,,5,5,5,4,5,4,3,,,,,,5,,,4,,,,,,
177,,Czech Republic,Semetin 2010,11.8,tarmac,,,,4.64,,5,,5,5,4,5,5,5,4,5,,3,,5,5,5,5,5,5,,5,5,,5,4,5,4,4,5,4,,5,5,5,4,5,4,3,5,,,,5,5,,,4,,,,,,
178,,United Kingdom,Northumbria,9,gravel,,,,3.35,,4,,4,2,2,3,4,4,3,,,3,,3,3,4,2,4,2,,3,,,2,4,3,5,5,3,3,,4,5,4,3,3,3,3,,,,,,,,,,4,,,,,
179,,United Kingdom,Northumbria Tarmac,9,tarmac,,,,2.90,,3,,3,2,2,2,4,4,3,,,2,,3,3,4,2,2,1,,3,,,2,4,3,4,4,5,3,,3,5,2,2,2,3,2,,,,,,,,,,3,,,,,
180,,France,Joux Plane II Gravel,11.1,gravel,,,,2.71,,3,,3,2,4,3,2,3,,0,,1,5,1,4,3,3,,1,,,,,3,4,,5,2,,,,,3,2,1,,,4,,,,,,,,,,3,,,,,
181,,France,Bisanne II Gravel,5.6,gravel,,,,2.61,,3,,3,2,2,2,2,3,,0,,1,,3,4,,,,1,,,,,3,4,,3,2,,,,,5,3,1,3,4,3,,,,,,,,,,3,,,,,
182,,Finland,Autiovaara II Gravel,6.1,gravel,,,,1.30,,0,,0,0,3,2,0,2,0,0,,1,,,1,,,,0,,,,,1,5,1,4,1,,,,0,3,2,1,0,,3,,,,,,,,,,,,,,,
183,,Finland,Sikakama II Gravel,10.2,gravel,,,,1.32,,0,,0,0,,2,0,2,0,0,,1,,,1,,,,0,,,,,1,5,1,5,1,,,,0,3,3,1,0,,3,,,,,,,,,,,,,,,
184,,Finland,Autiovaara II Tarmac,6.1,tarmac,,,,0.95,,0,,0,0,,3,0,,0,0,,1,,,1,,,,0,,,,,1,3,1,3,1,,,,0,1,1,0,,,3,,,,,,,,,,,,,,,
185,,Finland,Sikakama II Tarmac,10.2,tarmac,,,,1.05,,0,,0,0,,3,0,,0,0,,1,,,1,,,,0,,,,,1,4,1,4,1,,,,0,1,1,0,,,3,,,,,,,,,,,,,,,
186,,USA,Fraizer Wells II Tarmac,5.1,tarmac,,,,1.20,,1,,1,0,2,2,2,2,,0,,1,,,2,,,1,1,,,,,0,3,,1,2,,,,,1,0,0,,,2,,,,,,,,,,,,,,,
187,,USA,Hualapai Nation II Tarmac,8.6,tarmac,,,,0.95,,1,,0,1,,1,2,1,,0,,1,,,0,,,1,1,,,,,0,3,,1,2,,,,,1,0,0,,,2,,,,,,,,,,,,,,,
188,,United Kingdom,Falstone II Tarmac,6.6,tarmac,,,,2.20,,3,,2,3,3,3,3,4,,0,,1,,,1,,,3,2,,,,,1,3,,2,3,,,,,1,2,0,,,4,,,,,,,,,,,,,,,
189,,United Kingdom,Shepherds Shield II Tarmac,4.8,tarmac,,,,2.70,,3,,3,5,3,4,3,5,,0,,1,,,3,,,4,2,,,,,2,3,,1,4,,,,,2,3,0,,,3,,,,,,,,,,,,,,,
190,,United Kingdom,Rally School Stage II Tarmac,2.2,tarmac,,,,3.14,,3,,3,5,4,3,3,4,,0,,1,,,5,,,4,4,,,,,3,4,3,2,3,,,,,5,2,1,,,4,,,,,,,,,,,,,,,
191,,Australia,Greenhills II Tarmac,6,tarmac,,,,1.88,,2,,2,3,,2,2,,,0,,1,,,2,,,,2,,,,,1,3,,3,2,,,,,1,2,0,,,4,,,,,,,,,,,,,,,
192,,Australia,Mineshaft II Tarmac,8.2,tarmac,,,,1.83,,1,,2,2,,4,2,,,0,,1,,,3,,,2,2,,,,,1,3,,3,2,,,,,1,1,0,,,3,,,,,,,,,,,,,,,
193,,Japan,Sipirkakim II Tarmac,8.7,tarmac,,,,2.05,,1,,2,2,,3,3,,,0,,1,,,1,,3,,1,,,,,1,4,,3,4,,,,,1,2,0,3,,4,,,,,,,,,,,,,,,
194,,Japan,Pirka Menoko II Tarmac,6.7,tarmac,,,,1.71,,2,,1,1,,3,2,,,0,,1,,,2,,,,1,,,,,2,3,,3,3,,,,,1,1,0,,,3,,,,,,,,,,,,,,,
195,,United Kingdom,Falstone II Snow,6.6,snow,,,,2.50,,3,,2,1,,3,2,,,3,,1,,,2,,,,3,,,,,3,3,,2,3,,,,,2,3,,,,4,,,,,,,,,,,,,,,
196,,United Kingdom,Shepherds Shield II Snow,4.8,snow,,,,3.18,,4,,4,4,,3,3,,,3,,1,,,4,,,,3,,,,,4,3,,2,3,,,,,3,3,,3,,4,,,,,,,,,,,,,,,
197,,United Kingdom,Rally School Stage II Snow,2.2,snow,,,,3.00,,2,,3,4,,3,3,,,3,,1,,,3,,,,4,,,,,4,3,,3,3,,,,,3,2,,,,4,,,,,,,,,,,,,,,
198,,Japan,Sipirkakim II Snow,8.7,snow,,,,2.56,,3,,3,1,,2,3,,,3,,1,,,1,,,,3,,,,,3,3,,3,3,,,,,3,2,,,,4,,,,,,,,,,,,,,,
199,,Japan,Pirka Menoko II Snow,6.7,snow,,,,2.44,,2,,1,1,,3,2,,,3,,1,,,2,,,,3,,,,,3,3,,4,2,,,,,3,2,,,,4,,,,,,,,,,,,,,,
200,,France,Cote D'Arbroz Gravel,4.5,gravel,,,,2.65,,3,,3,3,,3,2,3,,0,,1,5,1,3,,,,2,,,,,3,3,,3,2,,,,,3,2,,,,4,,,,,,,,,,4,,,,,
201,,France,Joux Verte Gravel,7.9,gravel,,,,2.50,,3,,3,2,4,2,2,3,,0,,1,,1,2,,,,2,,,,,4,3,,5,2,,,,,3,1,,,,4,,,,,,,,,,3,,,,,
202,,France,Bisanne Gravel,5.6,gravel,,,,2.62,,3,,3,2,2,2,2,3,,0,,1,,3,2,,,,2,,,,,4,3,,3,2,,,,,5,3,,,4,3,,,,,,,,,,3,,,,,
203,,France,Joux Plane Gravel,11.1,gravel,,,,2.62,,3,,3,1,4,3,2,3,,0,,1,5,1,2,,,,2,,,,,3,3,,5,2,,,,,3,2,,,,4,,,,,,,,,,3,,,,,
204,,France,Joux Verte II Gravel,7.8,gravel,,,,2.71,,3,,3,3,4,,2,3,,0,,1,,2,2,,,,2,,,,,4,3,,5,2,,,,,3,1,,,4,4,,,,,3,,,,,3,,,,,
205,,France,Cote D'Arbroz II Gravel,4.3,gravel,,,,2.64,,3,,3,2,3,2,2,3,,0,,1,5,1,3,,,,2,,,,,3,3,,3,2,,,,,3,2,,,4,4,,,,,,,,,,4,,,,,
206,,Finland,Kaihuavaara Gravel,6.1,gravel,,,,1.24,,0,,0,0,,2,0,3,0,0,,1,,,1,,,,0,,,,,1,4,1,3,2,,,,0,3,3,,0,,2,,,,,,,,,,,,,,,
207,,Finland,Mustaselka Gravel,7.9,gravel,,,,1.43,,0,,0,0,,3,0,3,0,0,,1,,,1,,,,0,,,,,1,4,1,5,2,,,,0,3,3,,0,,3,,,,,,,,,,,,,,,
208,,Finland,Sikakama Gravel,10.2,gravel,,,,1.43,,0,,0,0,,3,0,3,0,0,,1,,,1,,,,0,,,,,1,4,1,5,2,,,,0,3,3,,0,,3,,,,,,,,,,,,,,,
209,,Finland,Autiovaara Gravel,6.1,gravel,,,,1.38,,0,,0,0,,3,0,3,0,0,,1,,,1,,,,0,,,,,1,4,1,4,2,,,,0,3,3,,0,,3,,,,,,,,,,,,,,,
210,,Finland,Kaihuavaara II Gravel,6.1,gravel,,,,1.20,,0,,0,0,,,0,3,0,0,,1,,,1,,,,0,,,,,1,4,1,3,2,,,,0,3,3,,0,,2,,,,,,,,,,,,,,,
211,,Finland,Mustaselka II Gravel,7.7,gravel,,,,1.43,,0,,0,0,,3,0,3,0,0,,1,,,1,,,,0,,,,,1,4,1,5,2,,,,0,3,3,,0,,3,,,,,,,,,,,,,,,
212,,Finland,Kaihuavaara Tarmac,6.1,tarmac,,,,1.10,,0,,0,0,,3,0,2,0,0,,1,,,1,,,,0,,,,,0,3,1,3,2,,,,0,1,3,0,,,3,,,,,,,,,,,,,,,
213,,Finland,Mustaselka Tarmac,7.9,tarmac,,,,1.00,,0,,0,0,,2,0,,0,0,,1,,,1,,,,0,,,,,0,3,1,3,2,,,,0,1,3,0,,,3,,,,,,,,,,,,,,,
214,,Finland,Sikakama Tarmac,10.2,tarmac,,,,1.10,,0,,0,0,,3,0,,0,0,,1,,,1,,,,0,,,,,0,3,1,4,2,,,,0,1,3,0,,,3,,,,,,,,,,,,,,,
215,,Finland,Autiovaara Tarmac,6.1,tarmac,,,,1.05,,0,,0,0,,3,0,,0,0,,1,,,1,,,,0,,,,,0,3,1,3,2,,,,0,1,3,0,,,3,,,,,,,,,,,,,,,
216,,Finland,Kaihuavaara II Tarmac,6.1,tarmac,,,,1.00,,0,,0,0,,2,0,,0,0,,1,,,1,,,,0,,,,,0,3,1,3,2,,,,0,1,3,0,,,3,,,,,,,,,,,,,,,
217,,Finland,Mustaselka II Tarmac,7.7,tarmac,,,,1.10,,1,,0,0,,2,0,,0,0,,1,,,1,,,,0,,,,,0,3,1,4,2,,,,0,1,3,0,,,3,,,,,,,,,,,,,,,
218,,USA,Fraizer Wells Tarmac,5,tarmac,,,,1.32,,1,,2,2,2,3,1,,,0,,1,,,1,,,1,1,,,,,1,3,,1,2,,,,,1,0,0,,,2,,,,,,,,,,,,,,,
219,,USA,Prospect Ridge Tarmac,7.8,tarmac,,,,1.42,,1,,1,1,,2,1,,,0,,1,,,1,,,2,1,,,,,3,3,3,2,2,,,,,1,0,0,,,2,,,,,,,,,,,,,,,
220,,USA,Diamond Creek Tarmac,7.1,tarmac,,,,1.47,,1,,2,1,2,3,1,,,0,,1,,,1,,,3,1,,,,,1,3,,3,2,,,,,1,0,0,,,2,,,,,,,,,,,,,,,
221,,USA,Hualapai Nation Tarmac,8.6,tarmac,,,,1.11,,1,,0,1,,3,1,,,0,,1,,,0,,,3,1,,,,,0,3,,1,2,,,,,1,0,0,,,2,,,,,,,,,,,,,,,
222,,USA,Prospect Ridge II Tarmac,7.9,tarmac,,,,1.42,,1,,1,1,2,,1,,,0,,1,,,1,,,2,1,,,,,3,3,3,2,2,,,,,1,0,0,,,2,,,,,,,,,,,,,,,
223,,USA,Diamond Creek II Tarmac,6.8,tarmac,,,,1.53,,1,,2,2,2,3,1,,,0,,1,,,1,,,3,1,,,,,1,3,,3,2,,,,,1,0,0,,,2,,,,,,,,,,,,,,,
224,,United Kingdom,Harwood Forest Tarmac,6.1,tarmac,,,,2.10,,2,,2,3,2,2,2,,2,0,,1,,,1,,,4,2,,,,,3,3,,2,4,,,,,1,3,0,,,3,,,,,,,,,,,,,,,
225,,United Kingdom,Falstone Tarmac,6.6,tarmac,,,,2.39,,2,,2,2,3,3,2,3,2,0,,1,,,2,4,,3,2,,,,,2,4,,2,3,,,,,1,4,0,,,4,,,,,,,,,,4,,,,,
226,,United Kingdom,Chirdonhead Tarmac,7,tarmac,,,,2.24,,2,,1,1,,3,3,4,2,0,,1,,,2,,,4,2,,,,,3,4,,1,4,,,,,1,3,0,,,3,,,,,,,,,,3,,,,,
227,,United Kingdom,Shepherds Shield Tarmac,4.8,tarmac,,,,2.70,,3,,4,5,,4,2,5,2,0,,1,,,3,,,4,2,,,,,3,4,,1,4,,,,,1,3,0,,,3,,,,,,,,,,,,,,,
228,,United Kingdom,Harwood Forest II Tarmac,5.9,tarmac,,,,2.10,,2,,2,2,,2,2,4,2,0,,1,,,1,,,4,2,,,,,2,3,,2,4,,,,,1,3,0,,,3,,,,,,,,,,,,,,,
229,,United Kingdom,Chirdonhead II Tarmac,6.9,tarmac,,,,2.16,,2,,1,2,,,3,4,2,0,,1,,,2,,,3,2,,,,,3,4,,1,4,,,,,1,3,0,,,3,,,,,,,,,,,,,,,
230,,United Kingdom,Rally School Stage Tarmac,2.2,tarmac,,,,3.00,,3,,3,3,,3,3,4,3,0,,1,5,,4,,,3,2,,,,,3,3,,2,4,,,,,5,3,1,,,4,,,,,,,,,,4,,,,,
231,,Australia,NewBobs Tarmac,10.1,tarmac,,,,2.05,,3,,3,2,,4,2,,,0,,1,0,,0,,,,2,,,,,3,4,,3,3,,,,,1,2,0,,,3,,,,,3,,,,,,,,,,
232,,Australia,Greenhills Tarmac,6,tarmac,,,,1.83,,2,,2,3,,2,2,,,0,,1,0,,0,,,,2,,,,,2,4,,4,3,,,,,1,2,0,,,3,,,,,,,,,,,,,,,
233,,Australia,Mineshaft Tarmac,8.2,tarmac,,,,1.95,,1,,2,2,,4,2,,,0,,1,0,,2,,,,2,,,,,2,4,3,3,3,,,,,1,2,0,,,3,,,,,,,,,,,,,,,
234,,Australia,East-West Tarmac,9.5,tarmac,,,,2.25,,3,,3,2,4,4,3,,,0,,1,0,,0,3,,,2,,,,,3,4,,3,3,,,,,1,2,0,,,4,,,,,,,,,,,,,,,
235,,Australia,NewBobs II Tarmac,10,tarmac,,,,2.06,,3,,3,2,,4,2,,,0,,1,0,,0,,,,2,,,,,3,4,,3,3,,,,,1,2,0,,,4,,,,,,,,,,,,,,,
236,,Australia,East-West II Tarmac,9.6,tarmac,,,,2.21,,3,,3,2,4,4,3,,,0,,1,0,,0,,,,2,,,,,3,4,,3,3,,,,,1,2,0,,,4,,,,,,,,,,,,,,,
237,,Japan,Noiker Tarmac,13.8,tarmac,,,,1.76,,1,,2,1,,3,2,,,0,,1,,,2,,,,1,,,,,1,4,,3,3,,,,,0,3,0,,,3,,,,,,,,,,,,,,,
238,,Japan,Sipirkakim Tarmac,8.7,tarmac,,,,2.00,,1,,3,1,,3,2,,,0,,1,,,1,,,,1,,,,,1,4,,3,4,,,,,1,4,0,,,4,,,,,,,,,,,,,,,
239,,Japan,Pirka Menoko Tarmac,6.7,tarmac,,,,1.78,,1,,1,1,,4,2,,,0,,1,,,2,,,,1,,,,,2,3,,3,2,,,,,1,2,0,,,3,,,,,3,,,,,,,,,,
240,,Japan,Tanner Tarmac,3.9,tarmac,,,,1.65,,1,,0,3,,1,2,,,0,,1,,,4,,,,1,,,,,3,3,,0,1,,,,,1,4,0,,,3,,,,,,,,,,,,,,,
241,,Japan,Noiker II Tarmac,13.7,tarmac,,,,1.71,,1,,2,1,,3,2,,,0,,1,,,2,,,,1,,,,,1,3,,3,3,,,,,0,3,0,,,3,,,,,,,,,,,,,,,
242,,Japan,Tanner II Tarmac,4,tarmac,,,,1.59,,1,,0,3,,2,2,,,0,,1,,,4,,,,1,,,,,3,2,,0,1,,,,,1,3,0,,,3,,,,,,,,,,,,,,,
243,,United Kingdom,Harwood Forest Snow,6.1,snow,,,,2.80,,3,,3,2,,3,3,,3,3,,1,4,,2,3,,,3,,,,,4,2,3,3,3,,,,,1,3,,,,4,,,,,,,,,,,,,,,
244,,United Kingdom,Falstone Snow,6.6,snow,,,,2.50,,3,,2,2,,3,2,,3,3,,1,0,,3,,,,3,,,,,4,3,,2,3,,,,,1,3,,,,4,,,,,,,,,,,,,,,
245,,United Kingdom,Chirdonhead Snow,7,snow,,,,3.24,,4,,3,2,,3,4,,3,3,,1,4,,4,4,,,3,,,,,4,3,,3,3,,,,,2,4,,3,,4,,,,,,,,,,4,,,,,
246,,United Kingdom,Shepherds Shield Snow,4.8,snow,,,,3.30,,4,,5,3,,3,3,,3,3,,1,4,,4,,,,3,,,,,4,3,,2,3,,,,,3,4,,3,,4,,,,,,,,,,4,,,,,
247,,United Kingdom,Harwood Forest II Snow,5.9,snow,,,,2.84,,3,,3,3,,3,3,,3,3,,1,4,,2,,,,3,,,,,4,2,,3,3,,,,,1,3,,3,,4,,,,,,,,,,,,,,,
248,,United Kingdom,Chirdonhead II Snow,6.9,snow,,,,3.06,,4,,3,2,,3,4,,3,3,,1,4,,4,,,,3,,,,,4,3,,3,3,,,,,1,3,,,,4,,,,,,,,,,,,,,,
249,,United Kingdom,Rally School Stage Snow,2.2,snow,,,,2.89,,3,,3,4,,3,2,,3,3,,1,4,,4,,,,3,,,,,4,2,,3,3,,,,,1,2,,,,4,,,,,,,,,,,,,,,
250,,Japan,Noiker Snow,13.8,snow,,,,2.65,,1,,3,2,,3,2,,3,3,,1,4,,2,,,,2,,,,,2,3,,5,3,,,,,1,3,,3,,4,,,,,,,,,,3,,,,,
251,,Japan,Sipirkakim Snow,8.7,snow,,,,2.75,,3,,4,3,,3,2,,3,3,,1,3,,1,,,,2,,,,,2,3,,3,4,,,,,1,3,,3,,4,,,,,,,,,,4,,,,,
252,,Japan,Pirka Menoko Snow,6.7,snow,,,,2.33,,1,,1,1,,3,2,,3,3,,1,4,,2,,,,2,,,,,3,2,,4,2,,,,,1,3,,,,4,,,,,,,,,,,,,,,
253,,Japan,Tanner Snow,3.9,snow,,,,2.24,,1,,0,3,,,2,,3,3,,1,4,,3,,,,2,,,,,4,2,,0,1,,,,,1,4,,,,4,,,,,,,,,,,,,,,
254,,Japan,Noiker II Snow,13.7,snow,,,,2.67,,1,,3,2,,3,2,,3,3,,1,4,,2,,,,2,,,,,2,3,,5,3,,,,,1,4,,,,4,,,,,,,,,,,,,,,
255,,Japan,Tanner II Snow,4,snow,,,,2.28,,1,,0,3,,2,2,,3,3,,1,5,,3,,,,2,,,,,4,2,,0,1,,,,,1,4,,,,4,,,,,,,,,,,,,,,
256,,Australia,NewBobs Snow,10.1,snow,,,,2.67,,4,,4,2,,4,2,,,3,,1,0,,1,,,,2,,,,,3,3,,5,3,,,,,1,3,,,,4,,,,,,,,,,3,,,,,
257,,Australia,Greenhills Snow,6,snow,,,,2.17,,3,,2,2,,3,2,,,3,,1,0,,1,,,,2,,,,,1,3,1,4,3,,,,,1,3,,,,4,,,,,,,,,,,,,,,
258,,Australia,Mineshaft Snow,8.2,snow,,,,2.29,,2,,3,4,,4,2,,,3,,1,0,,2,,,,2,,,,,1,3,,3,2,,,,,1,2,,,,4,,,,,,,,,,,,,,,
259,,Australia,East-West Snow,9.5,snow,,,,2.35,,3,,3,2,,3,3,,,3,,1,0,,1,,,,2,,,,,3,3,,3,2,,,,,1,3,,,,4,,,,,,,,,,,,,,,
260,,Australia,NewBobs II Snow,10,snow,,,,2.65,,4,,4,2,,4,2,,,3,,1,0,,1,,,,2,,,,,3,3,,5,3,,,,,1,3,,,,4,,,,,,,,,,,,,,,
261,,Australia,East-West II Snow,9.6,snow,,,,2.35,,3,,3,2,,3,3,,,3,,1,0,,1,,,,2,,,,,3,3,,3,2,,,,,1,3,,,,4,,,,,,,,,,,,,,,
262,,France,Cote D'Arbroz Snow,4.5,snow,,,,2.89,,3,,3,4,,2,3,,,3,,1,4,4,4,,,,2,,,,,3,3,,3,2,,,,,3,1,,,,4,,,,,,,,,,3,,,,,
263,,France,Joux Verte Snow,7.9,snow,,,,3.00,,3,,4,3,,,3,,,3,,1,4,3,3,,,,2,,,,,4,3,,5,2,,,,,3,1,,,,4,,,,,3,,,,,,,,,,
264,,France,Bisanne Snow,5.6,snow,,,,2.78,,3,,3,3,,,3,3,,3,,1,,2,3,,,,2,,,,,4,3,,3,2,,,,,2,3,,,,2,,,,,5,,,,,,,,,,
265,,France,Joux Plane Snow,11.1,snow,,,,2.89,,3,,3,2,,3,3,,,3,,1,4,3,3,,,,2,,,,,4,3,,5,2,,,,,3,1,,,,4,,,,,,,,,,,,,,,
266,,France,Joux Verte II Snow,7.8,snow,,,,2.94,,3,,4,3,,2,3,,,3,,1,4,3,3,,,,2,,,,,4,3,,5,2,,,,,3,1,,,,4,,,,,,,,,,,,,,,
267,,France,Cote D'Arbroz II Snow,4.3,snow,,,,2.79,,3,,3,3,,2,3,,,3,,1,4,3,4,,,,2,,,,,3,3,,3,2,,,,,3,1,,,,4,,,,,,,,,,3,,,,,
268,,USA,Fraizer Wells Snow,5,snow,,,,2.12,,1,,3,2,,3,2,1,,3,,1,4,,2,,,,,,,,,2,3,,2,2,,,,,2,0,,,,3,,,,,,,,,,,,,,,
269,,USA,Prospect Ridge Snow,7.8,snow,,,,2.50,,1,,3,3,,3,2,1,,3,,1,,,2,,,,,,,,,4,3,,4,4,,,,,2,0,,,,4,,,,,,,,,,,,,,,
270,,USA,Diamond Creek Snow,7.1,snow,,,,2.19,,1,,2,3,,,2,1,,3,,1,3,,2,,,,,,,,,1,3,,4,3,,,,,2,0,,,,4,,,,,,,,,,,,,,,
271,,USA,Hualapai Nation Snow,8.6,snow,,,,1.76,,1,,0,1,,2,2,1,,3,,1,4,,1,,,,,,,,,1,3,,3,3,,,,,0,0,,,,4,,,,,,,,,,,,,,,
272,,USA,Prospect Ridge II Snow,7.9,snow,,,,2.38,,1,,3,2,,3,2,1,,3,,1,,,2,,,,,,,,,4,3,,4,3,,,,,2,0,,,,4,,,,,,,,,,,,,,,
273,,USA,Diamond Creek II Snow,6.8,snow,,,,2.12,,1,,2,3,,3,2,1,,3,,1,3,,2,,,,,,,,,1,3,,4,3,,,,,0,0,,,,4,,,,,,,,,,,,,,,
280,,Czech Republic,Jirkovicky,3.5,gravel,,,,3.50,,3,,,,,,3,,,,,,,,,,,,,,,,,,,,,,,,,,5,,,,,3,,,,,,3,,4,4,3,,,,,
281,,Czech Republic,Jirkovicky II,3.5,gravel,,,,3.50,,3,,,,,,3,,,,,,,,,,,,,,,,,,,,,,,,,,5,,,,,3,,,,,,3,,4,4,3,,,,,
282,,Czech Republic,Sourkov,6.2,gravel,,,,3.70,,3,,,,,,3,,,,,,,,,,,,,,,,,,,,,,,,,,5,,,3,,3,,,,,3,3,,5,4,5,,,,,
283,,Czech Republic,Sourkov II,6.2,gravel,,,,3.67,,3,,,,,,3,,,,,,,,,,,,,,,,,,,,,,,,,,5,,,3,,3,,,,,,3,,5,4,4,,,,,
294,,Czech Republic,Rozmital 96 I,6.8,tarmac,,,,3.71,,3,,,,,,4,,,,,,,,,,,,,,,,,,,,,,,,,,5,,,,,4,,,,,,3,,4,3,,,,,,
295,,Czech Republic,Rozmital 96 II,6.8,tarmac,,,,3.71,,3,,,,,,4,,,,,,,,,,,,,,,,,,,,,,,,,,5,,,,,4,,,,,,3,,4,3,,,,,,
296,,Czech Republic,Sumburk 2007,12.4,tarmac,,,,3.63,,4,,,,,,4,,,,,,,,,,,,,,,,,,,,,,,,,,3,,,,,3,,,,,3,4,,5,3,,,,,,
297,,Czech Republic,Sosnova ,7.1,tarmac,,,,3.17,,3,,,,,,3,,,,,,,,,,,,,,,,,,,,,,,,,,5,,,,,2,,,,,,3,,3,,,,,,,
298,,Czech Republic,Sosnova 2010,4.2,tarmac,,,,3.14,,3,,,,,,3,,,,,,,,,,,,,,,,,,,,,,,,,,5,,,,,2,,,,,,3,,3,,3,,,,,
301,,Poland,Karowa 2009 Again,1.8,tarmac,,,,3.10,,4,,4,4,2,3,4,0,2,,,2,,4,4,3,3,,2,,3,,,,2,3,3,3,5,,,3,5,4,3,2,4,2,,,,,,,,2,4,4,,,,,
302,,Poland,Wisla Shakedown,2.5,tarmac,,,,2.11,,1,,3,4,1,2,1,4,3,,,3,,2,3,,,,2,,3,,,,2,2,1,1,2,,,4,2,1,1,2,3,1,,,,,,,,,2,1,,,,,
303,,Finland,Hyppyjulma Gravel,6.2,gravel,,,,1.83,,2,,2,2,,2,1,3,3,0,,1,,,3,2,,,3,,,,,0,3,,3,3,,3,,3,0,,0,0,2,2,,,,,,,,,,1,,,,,
304,,Finland,Hyppyjulma Gravel II,6.1,gravel,,,,1.87,,2,,2,2,,2,1,3,3,0,,1,,,3,2,,,3,,,,,0,3,,3,3,,3,,3,0,,0,0,2,2,,,,,,,,,,,,,,,
305,,Finland,Hyppyjulma Tarmac,6.2,tarmac,,,,1.36,,0,,1,0,,1,0,3,,0,,1,,,2,3,,,1,,,,,0,3,,1,2,,3,,2,0,,0,,2,3,,,,,,,,,,2,,,,,
306,,Finland,Hyppyjulma Tarmac II,6.1,tarmac,,,,1.25,,0,,1,0,,1,0,3,,0,,1,,,2,,,,1,,,,,0,3,,1,2,,3,,2,0,,0,,2,3,,,,,,,,,,,,,,,
307,,USA,Pikes Peak 2008,19.9,tarmac,,,,2.97,,2,,3,4,3,4,2,3,0,,,2,,3,4,3,3,4,3,,,,,,3,4,3,2,3,3,,2,4,3,3,3,4,3,,,,,2,,,3,,4,,,,,
308,,Ukraine,Livadija R,5.6,tarmac,,,,1.83,,1,,1,1,1,2,2,,0,,,1,,1,2,3,,2,,,2,,,,2,1,4,0,,,,3,4,2,2,2,3,2,,,,,,,,,,,,,,,
309,,Japan,Monster HC,2.5,gravel,,,,1.58,,1,,1,3,,1,1,2,1,1,,1,5,0,4,1,,2,1,,,,,,,,3,0,,,,1,2,0,1,1,1,1,,,,,,,,3,,3,,,,,
310,,France,Maton I,3.6,tarmac,,,,1.07,,0,,0,0,0,3,0,,,,,0,,0,4,0,3,0,1,,,,,0,1,1,2,2,,,,2,2,0,0,1,0,2,,,,,,,,0,5,,,,,,
311,,France,Maton II,3.6,tarmac,,,,1.14,,0,,0,0,0,3,0,,,,,0,,0,4,0,3,0,1,,,,,0,1,1,2,2,,,,2,2,0,0,1,0,2,,,,,3,,,0,5,,,,,,
312,,United Kingdom,GB Sprint Extreme,6.9,gravel,,,,2.48,,2,,4,3,1,2,3,2,0,,,5,5,2,2,2,,4,2,,2,,,3,2,4,1,3,,,,3,1,4,0,3,3,3,,,,,,,,,,1,,,,,
313,,France,Haguenau 2012,5.5,tarmac,,,,3.82,,4,,4,4,4,4,4,,3,,,2,,4,5,5,5,4,4,,4,,,5,4,4,2,4,5,4,,4,5,5,4,2,3,2,,,,,,3,,2,4,4,,,,,
314,,France,Vieux Moulin-Perrancey,20.6,gravel,,,,3.52,,4,,5,3,5,4,4,5,0,0,,2,,3,1,5,2,4,2,,4,4,,,2,4,5,3,5,,,5,5,4,5,3,4,4,,,,,,5,,,2,3,,,,,
315,,Switzerland,Swiss III Tarmac,8.2,tarmac,,,,2.61,,2,,3,2,4,4,3,,,,1,0,,,1,2,3,4,4,,3,1,,4,3,3,3,2,3,2,,3,5,,,2,2,1,,,,,,,,,3,,,,,,
316,,Switzerland,Swiss IV Gravel,8.2,gravel,,,,2.88,,3,,3,1,4,3,3,,,,,0,,,1,3,3,4,4,,3,3,,4,3,2,4,3,3,,,3,5,,4,2,2,2,,,,,,,,,,,,,,,
317,,France,Blanare,7.6,snow,,,,2.83,,2,,3,3,,4,3,4,2,,,4,,3,3,,3,3,,,2,,,,3,3,1,4,,,,4,0,,2,3,3,3,,,,,,,,,,,,,,,
318,,France,Lyon - Gerland,0.8,tarmac,,,,2.83,,2,,2,5,4,3,2,0,3,,,4,,2,5,3,,5,,,3,,,,2,3,2,4,,,,4,3,3,3,2,4,1,,,,,,2,,3,2,1,,,,,
319,,France,Blanare II,6.6,snow,,,,2.73,,2,,3,3,,4,3,4,2,,,3,,3,3,,,3,,,2,,,,3,3,1,3,,,,4,0,,2,3,3,3,,,,,,,,,,,,,,,
320,,Slovakia,Slovakia Ring 2014,11.2,tarmac,,,,3.35,,4,,4,5,4,3,4,3,4,,4,3,,4,5,3,3,5,,,3,,,3,3,4,3,4,,3,,4,2,3,3,2,,1,,,,,2,,,3,3,,,,,,
321,,Slovakia,Slovakia Ring 2014 II,11.1,tarmac,,,,3.29,,4,,4,5,4,3,4,3,3,,4,3,,4,5,3,3,4,,,3,,,3,3,4,3,4,,3,,4,2,3,3,2,,1,,,,,2,,,3,3,,,,,,
322,,Italy,Tavia,3.8,gravel,,,,1.32,,1,,2,2,,1,1,,,0,,2,,,3,1,,,1,,,,,,1,2,2,1,,,,2,0,,0,0,1,2,,,,,,1,,3,,,,,,,
323,,Italy,SS Berica,14.8,gravel,,,,1.78,,1,,3,2,1,2,1,4,,1,,2,,,2,2,2,3,1,,,,,,2,2,1,1,,,,2,0,3,0,0,1,3,,,,,,,,3,,3,,,,,
324,,Australia,Junior Wheels,5.7,gravel,,,,2.10,,2,,2,0,1,2,1,,1,0,,4,,1,1,3,0,0,1,,,,,4,1,3,4,3,,,,3,5,,1,2,3,2,,,,,5,3,,,3,,,,,,
325,,Ukraine,SS Ai-Petri,17.5,tarmac,,,,2.37,,2,,3,4,2,4,3,1,0,,,1,,0,4,2,3,2,2,,4,,,3,3,3,2,2,1,,,3,0,3,4,2,4,2,,,,,2,,,,,,,,,,
326,,Ukraine,SS Ai-Petri Winter,17.5,snow,,,,2.47,,2,,3,4,2,4,3,1,0,,,1,,0,4,3,3,1,2,,4,,,3,3,3,2,3,1,,,4,0,3,4,2,4,2,,,,,3,,,,,,,,,,
327,,Ukraine,SS Uchan-Su,10.9,tarmac,,,,2.34,,2,,2,4,2,4,2,1,0,,,1,,0,4,3,3,3,2,,4,0,,3,3,3,2,2,1,3,,3,0,3,4,2,4,2,,,,,,,,,3,,,,,,
328,,Ukraine,SS Uchan-Su Winter,10.9,snow,,,,2.29,,2,,2,4,2,4,2,1,0,,,1,,0,4,3,3,1,2,,4,0,,3,3,3,2,2,1,3,,4,0,3,4,2,4,2,,,,,,,,,,,,,,,
329,,Poland,FSO Zeran - Warsaw,7.2,tarmac,,,,3.21,,3,,3,2,,3,2,4,2,5,,2,,4,5,5,,5,2,,4,,,,3,5,4,3,,2,,3,2,4,2,1,3,3,,,,,,,,,,4,,,,,
330,,Australia,Junior Wheels-II,5.7,gravel,,,,2.07,,1,,2,0,1,2,1,,1,0,,4,,1,1,,0,0,1,,2,,,4,,3,4,3,,,,3,5,,1,2,3,2,,,,,5,3,,,3,,,,,,
331,,USA,Red Bull Hill Climb,14.1,gravel,,,,2.26,,1,,2,1,2,2,2,3,3,2,,4,,0,2,1,2,3,4,,2,3,,,3,4,4,1,4,,,4,1,0,0,2,3,3,,,,,,,,2,,,,,,,
332,,Finland,Kuadonvaara,5.9,snow,,,,3.41,,4,,4,4,,4,3,,4,,,3,,,3,3,3,,4,,3,,,,3,3,5,5,,,,3,,,2,2,4,2,,,,,,,,,,4,,,,,
333,,France,Maton I Snow,3.6,snow,,,,0.58,,0,,0,0,0,,0,,,0,,0,,0,3,1,1,,1,,,,,0,1,1,1,1,,,,2,0,0,0,,0,2,,,,,,,,0,,,,,,,
334,,France,Maton II Snow,3.6,snow,,,,0.58,,0,,0,0,0,,0,,,0,,0,,0,3,1,1,,1,,,,,0,1,1,1,1,,,,2,0,0,0,,0,2,,,,,,,,0,,,,,,,
335,,France,Foron Snow,9.2,snow,,,,1.78,,1,,2,2,2,,0,,,0,,3,,1,3,2,2,3,1,,,,,1,3,3,5,2,,,,2,1,0,0,,,2,,,,,,,,,,,,,,,
336,,France,Foron II Snow,9.2,snow,,,,1.79,,1,,2,2,2,2,0,,,0,,3,,1,3,2,2,3,1,,,,,1,3,3,5,2,,,,2,1,0,0,,,2,,,,,,,,,,,,,,,
337,,Italy,Torre Vecchia,9.8,tarmac,,,,3.91,,4,,4,3,3,3,4,4,2,4,,4,,3,4,4,5,,3,,3,,,,5,4,5,5,5,5,,4,4,4,3,3,4,3,,,,,5,4,,5,,4,,,,,
338,,Estonia,Undva I,9.9,gravel,,,,2.54,,4,,3,1,3,3,4,,2,0,,0,,,4,2,0,2,3,,,,,,3,3,2,3,,,,3,5,3,5,2,1,3,,,,,,4,,2,,1,,,,,
339,,Finland,Kolmenjarvet gravel I,6.2,gravel,,,,2.09,,2,,2,1,,2,1,,3,0,,1,,,3,3,,,3,,,,,,3,3,4,4,,2,,3,0,,0,2,3,2,,,,,,,,,,1,,,,,
340,,Finland,Kolmenjarvet gravel II,6.2,gravel,,,,2.09,,2,,2,1,,2,1,,3,0,,1,,,3,3,,,3,,,,,,3,3,4,4,,2,,3,0,,0,2,3,2,,,,,,,,,,1,,,,,
341,,Finland,Kolmenjarvet tarmac I,6.2,tarmac,,,,1.06,,0,,1,0,,,0,,,0,,1,,,1,,,,0,,,,,,,2,3,3,,,,2,0,,0,,,2,,,,,,2,,,,,,,,,
342,,Finland,Kolmenjarvet tarmac II,6.2,tarmac,,,,1.00,,0,,1,0,,1,0,,,0,,1,,,1,,,,0,,,,,,,2,3,3,,,,2,0,,0,,,2,,,,,,,,,,,,,,,
343,,Estonia,Undva II,9.9,gravel,,,,2.52,,4,,3,1,3,3,4,,1,0,,0,,,4,2,0,2,3,,3,,,,3,3,2,3,,2,,2,5,3,5,2,1,3,,,,,,4,,2,,,,,,,
344,,Ukraine,Azov I,19.1,gravel,,,,0.69,,0,,0,0,2,,2,2,0,0,,1,0,0,0,2,0,,0,,0,,,,0,0,1,0,0,,,1,0,1,2,3,2,1,,,,,,,,0,,,,,,,
345,,Ukraine,Azov II,19.2,gravel,,,,0.69,,0,,0,0,2,,1,3,0,0,,1,0,0,0,2,0,,0,,0,,,,0,0,1,0,0,,,1,0,1,2,3,2,1,,,,,,,,0,,,,,,,
346,,Argentina,Fernet Branca 2015,6,gravel,,,,2.25,,4,,2,2,2,4,2,,2,0,,1,,,2,3,1,1,,,2,,,,3,3,1,3,,,,3,3,1,0,2,1,3,,,,,,4,,,5,3,,,,,
347,,Poland,Kormoran I,10.3,gravel,,,,3.91,,4,,4,3,4,4,4,,3,5,,5,5,5,0,4,5,5,,,4,5,,5,3,4,5,5,0,2,,4,5,4,5,3,4,3,,,,,,4,,5,5,2,,,,,
348,,Poland,Kormoran II,12,gravel,,,,3.94,,4,,4,3,4,4,4,,3,5,,5,5,5,0,4,5,5,,,4,5,,5,3,4,5,5,0,2,,4,5,5,5,3,4,3,,,,,,4,,5,5,2,,,,,
349,,Poland,Kormoran shakedown,5.2,gravel,,,,3.80,,3,,3,4,3,3,4,3,4,5,,5,5,4,0,4,4,4,,,4,5,,5,3,4,3,4,,2,,4,5,5,5,3,4,4,,,,,,4,,5,3,3,,,,,
350,,Italy,Shakedown Rally del Salento 2014,3.9,tarmac,,,,3.50,,3,,4,4,4,4,3,,4,2,4,4,,3,1,3,4,5,,,4,,,,4,3,3,3,4,,,3,5,,4,3,4,3,,,,,,,,,,3,,,,,
351,,Netherlands,Gestel I,7.2,tarmac,,,,4.68,,5,,5,5,5,5,5,5,5,4,5,4,,5,5,5,5,5,,,5,,,5,4,5,4,5,5,,,4,5,5,5,3,5,3,,,,,5,,,4,4,5,,,,,
352,,Italy,Passo Valle,5.8,tarmac,,,,4.19,,3,,5,5,2,5,4,,4,5,4,4,,3,5,5,4,5,,,4,4,,,5,3,5,4,4,4,,5,5,5,5,2,4,3,,,,,5,,,,,4,,,,,
353,,Italy,Passo Valle Reverse,5.7,tarmac,,,,4.16,,3,,5,5,2,5,4,,4,5,4,4,,3,5,5,4,5,,,4,4,,,5,3,5,4,4,4,,5,5,5,5,2,4,3,,,,,4,,,,,,,,,,
354,,Poland,SSS Mikolajki Rally I,2.7,gravel,,,,3.20,,3,,3,5,,3,3,,3,0,4,3,,3,4,3,,,,,3,,,,,4,3,4,,3,,3,3,3,3,,3,3,,,,,,,,,4,4,,,,,
355,,Poland,SSS Mikolajki Rally II,2.7,gravel,,,,3.20,,3,,3,5,,3,3,,3,0,4,3,,3,4,3,,,,,3,,,,,4,3,4,,3,,3,3,3,3,,3,3,,,,,,,,,4,4,,,,,
356,,Portugal,Travanca do Monte,2.2,gravel,,,,3.44,,4,,3,4,,3,4,,4,1,,4,,4,4,3,4,,,,3,,,,3,3,4,3,,,,4,5,,3,3,4,3,,,,,4,2,,,,,,,,,
357,,Lithuania,Zaraso Salos - 5 Laps,5.2,gravel,,,,2.86,,3,,3,3,,3,3,,3,3,4,3,,3,5,3,,5,,,,,,2,2,3,2,2,2,,,2,2,3,3,2,2,3,,,,,,,,3,,3,,,,,
358,,Lithuania,Zaraso Salos - 2 Laps,2.1,gravel,,,,2.96,,3,,3,3,,3,3,,3,3,4,3,,3,5,3,,5,,,,,,2,,3,2,3,2,,,3,2,3,3,2,2,3,,,,,,,,3,,3,,,,,
359,,Finland,Joukkovaara gravel,10.2,gravel,,,,2.19,,2,,2,1,,2,1,,,0,,5,,,2,3,,,,,,,,0,3,3,4,4,,,,3,1,,2,1,3,3,,,,,,,,,,1,,,,,
360,,Finland,Joukkovaara gravel II,10.2,gravel,,,,2.19,,2,,2,1,,2,1,,,0,,5,,,2,3,,,,,,,,0,3,3,4,4,,,,3,1,,2,1,3,3,,,,,,,,,,1,,,,,
361,,Finland,Joukkovaara tarmac,10.2,tarmac,,,,1.84,,0,,2,0,,1,1,,,0,,0,,,1,,,,,,,,,0,3,2,4,4,,,,3,1,,2,,3,3,,,,,5,,,,,,,,,,
362,,Finland,Joukkovaara tarmac II,10.2,tarmac,,,,1.89,,0,,2,0,,,1,,,0,,0,,,1,,,,,,,,,0,3,2,4,4,,,,3,1,,2,,3,3,,,,,5,,,,,,,,,,
363,,Italy,La Rocca,7.4,gravel,,,,2.89,,3,,3,4,0,3,4,,3,1,,5,,,3,3,,2,,,3,,,,2,3,5,2,,3,,4,4,,2,0,4,2,,,,,3,,,4,3,3,,,,,
364,,Spain,Rallysprint Hondarribia 2011,7.6,tarmac,,,,3.79,,4,,4,4,5,5,4,,3,5,,1,,4,4,3,3,3,,,4,,,,4,4,5,5,5,4,,4,5,,3,2,3,2,,,,,,,,,4,4,,,,,
365,,United Kingdom,Sherwood Forest I Summer,13.6,gravel,,,,3.97,,4,,4,4,4,4,4,,4,5,4,5,,4,2,5,3,3,,,,,,4,3,5,4,5,,3,,4,2,5,5,3,4,4,,,,,,,,5,5,3,,,,,
366,,United Kingdom,Sherwood Forest II Summer,13.6,gravel,,,,3.97,,4,,4,4,4,4,4,,4,5,4,5,,4,2,5,3,3,,,,,,4,3,5,4,5,,3,,4,2,4,5,3,4,4,,,,,,,,5,5,4,,,,,
367,,United Kingdom,Sherwood Forest I,13.6,gravel,,,,3.97,,4,,4,4,4,4,4,,4,5,4,5,,4,2,5,3,4,,,3,,,4,3,5,4,5,,,,4,2,5,5,3,4,4,,,,,,,,5,,3,,,,,
368,,United Kingdom,Sherwood Forest II,13.6,gravel,,,,3.97,,4,,4,4,4,4,4,,4,5,4,,,4,2,5,3,4,,,3,,,4,3,5,4,5,,,,4,2,4,5,3,4,4,,,,,,5,,5,,4,,,,,
369,,France,Capo Di Feno v2,4.4,tarmac,,,,3.15,,5,,4,3,3,3,4,,0,,,,,3,3,3,,4,,,2,,,,2,3,3,3,4,4,,4,3,,3,3,4,2,,,,,,3,,,3,4,,,,,
370,,France,Capo Di Feno v2 R,4.4,tarmac,,,,3.07,,4,,4,3,3,3,4,,0,,,,,3,3,3,,4,,,2,,,,2,3,3,2,4,4,,4,3,,3,3,4,2,,,,,,3,,,3,4,,,,,
371,,Portugal,Carvalho de Rei 2008,8.2,gravel,,,,4.00,,5,,5,4,,4,5,4,3,5,,,3,4,4,5,5,3,,,4,5,,5,2,4,4,3,2,5,,4,5,4,4,4,3,3,,,,,4,,,4,5,3,,,,,
372,,Portugal,Carvalho de Rei 2008 reverse,8.2,gravel,,,,3.84,,5,,5,4,,4,5,4,3,5,,,3,3,4,5,5,3,,,4,5,,5,2,4,4,3,1,5,,4,5,3,3,4,3,3,,,,,,,,3,,,,,,,
373,,Czech Republic,Halenkovice SD,4.4,tarmac,,,,3.43,,3,,3,3,3,3,4,,3,,5,,,4,4,3,,4,,,4,,,,3,3,4,4,4,4,,3,3,2,3,,4,2,,,,,,3,,,4,4,,,,,
374,,Ukraine,Shurdin I,21.9,gravel,,,,3.57,,4,,4,5,5,4,3,4,1,,,,,1,4,4,4,4,,,3,,,5,2,4,4,3,,,,5,5,2,5,3,4,2,,,,,,,4,2,,,,,,,
375,,Ukraine,Shurdin II,22,gravel,,,,3.57,,4,,4,5,5,4,3,4,1,,,,,1,3,4,4,4,,,3,,,5,2,4,4,4,,,,5,5,2,5,3,4,2,,,,,,,,2,,4,,,,,
376,,Argentina,Dolmen,13.4,gravel,,,,2.22,,1,,4,0,2,3,1,4,3,,,,,,0,3,2,4,,,2,5,,,1,,2,2,0,,,4,2,,0,3,4,3,,,,,,0,,3,,2,,,,,
377,,Australia,SSS York I,4.3,gravel,,,,3.46,,3,,3,3,,3,3,,3,,4,,,5,5,3,4,3,,,,,,,,3,3,5,,3,,4,5,3,3,2,3,4,,,,,,,,3,4,3,,,,,
378,,Australia,SSS York II,4.4,gravel,,,,3.44,,3,,3,3,,3,3,,3,,4,,,5,5,3,4,3,,,,,,,,3,3,5,,3,,4,5,3,3,2,3,4,,,,,3,,,3,4,3,,,,,
379,,Slovakia,Sturec,8.1,tarmac,,,,4.29,,4,,4,4,5,4,4,4,3,5,,,,5,5,5,5,4,,,4,,,5,4,4,5,4,4,4,,4,5,4,5,2,5,3,,,,,4,5,,5,5,4,,,,,
380,,Slovakia,Sturec II,8.1,tarmac,,,,4.25,,4,,4,4,5,4,4,4,3,5,,,,4,5,5,5,4,,,4,,,5,4,4,5,4,4,4,,4,5,4,5,2,5,3,,,,,4,,,5,5,,,,,,
381,,Portugal,Lousada - WRC,3.4,gravel,,,,2.76,,4,,3,2,2,3,2,0,1,,,,,,5,2,,2,,,3,,,,3,3,3,4,,3,,4,5,3,3,2,2,2,,,,,,,,,,3,,,,,
382,,Portugal,Lousada - RX,3.7,tarmac,,,,2.42,,1,,2,2,2,,2,0,1,,,,,,4,2,,2,,,3,,,,3,3,3,3,,3,,3,5,2,3,2,,2,,,,,,2,,,,3,,,,,
383,,Portugal,Lousada - RG,3.7,gravel,,,,2.50,,2,,3,2,2,,2,0,1,,,,,,1,2,,2,,,3,,,4,3,3,3,2,,3,,4,5,3,3,2,3,2,,,,,,,,,,,,,,,
384,,Czech Republic,Svince,4.8,tarmac,,,,3.04,,4,,4,3,4,2,4,2,3,0,,,,4,4,4,,3,,,3,,,5,2,,3,3,,,,3,2,4,3,,3,2,,,,,,3,,,2,,,,,,
385,,Czech Republic,Svince II,4.8,tarmac,,,,2.92,,3,,3,3,4,2,4,,3,0,,,,4,4,4,,3,,,3,,,5,2,,3,3,,,,3,2,4,3,,3,2,,,,,1,3,,,2,,,,,,
386,,Slovakia,Sturec snow,8.1,snow,,,,4.00,,4,,4,4,5,4,4,4,3,,,,,5,5,3,5,5,,,,,,5,3,3,5,4,,4,,4,3,4,5,2,4,3,,,,,,,,,,4,,,,,
387,,Slovakia,Sturec snow II,8.1,snow,,,,3.96,,4,,4,4,5,4,4,4,3,,,,,4,5,3,5,5,,,,,,5,3,3,5,4,,,,4,3,4,5,2,4,3,,,,,,,,,,,,,,,
388,,Spain,Vicar,4.8,tarmac,,,,3.04,,4,,3,4,3,3,5,,1,,3,,,3,4,3,3,4,,,3,,,,2,2,3,4,,,,4,2,,2,3,3,2,,,,,3,,,,,,,,,,
389,,Austria,Mitterbach,3,snow,,,,3.74,,4,,5,5,4,4,4,3,4,3,4,,5,3,5,3,,3,,,4,4,,4,2,4,5,5,4,,,4,4,4,2,2,4,3,,,,,3,3,,,3,4,,,,,
390,,United Kingdom,Rally school mix,5.2,gravel,,,,2.92,,2,,2,4,,2,2,,2,1,,,5,2,4,3,,4,,,2,,,3,3,3,3,3,,,,3,5,,2,3,3,3,,,,,,,,,,4,,,,,
391,,United Kingdom,Rally school mix II,5.2,gravel,,,,2.92,,2,,2,4,,2,2,,2,1,,,5,2,4,3,,4,,,2,,,3,3,3,3,3,,,,3,5,,2,3,3,3,,,,,,,,,,4,,,,,
392,,United Kingdom,Rally school tarmac,5.2,tarmac,,,,2.92,,2,,2,4,,2,2,,2,1,,,,3,4,3,,4,,,2,,,3,3,3,3,3,,,,3,5,,2,,3,3,,,,,4,,,,,4,,,,,
393,,United Kingdom,Rally school tarmac II,5.2,tarmac,,,,2.87,,2,,2,4,,2,2,,2,1,,,,3,4,3,,4,,,2,,,3,3,3,3,3,,,,3,5,,2,,3,3,,,,,,,,,,4,,,,,
394,,Lithuania,Verkiai 2010,5.6,tarmac,,,,2.62,,3,,3,2,,,3,,0,0,,,,3,1,3,,3,,5,2,5,,0,5,,2,4,1,3,,4,4,,4,2,1,2,,,,,,3,,5,1,2,,,,,
395,,Lithuania,Verkiai 2010 reverse,5.9,tarmac,,,,2.40,,3,,3,2,,,2,,0,0,,,,3,1,3,,3,,,2,5,,0,5,,2,4,1,,,4,4,,4,2,1,2,,,,,,,,3,1,,,,,,
396,,Lithuania,Verkiai 2010 Super Special,0.9,tarmac,,,,2.19,,2,,2,2,,3,3,,0,0,,,,3,5,3,,1,,,1,5,,3,2,3,2,1,1,,,4,4,,3,2,1,2,,,,,,,,1,,0,,,,,
397,,Slovakia,Uhorna,11.4,tarmac,,,,3.76,,4,,4,4,4,3,3,,1,5,4,,,2,5,5,4,4,,5,4,,,5,3,4,4,3,4,4,,3,2,5,3,2,4,3,,,,,5,4,,,5,,,,,,
398,,Slovakia,Uhorna II,11.3,tarmac,,,,3.72,,4,,4,4,4,3,3,,1,5,4,,,2,5,5,4,4,,,4,,,5,3,4,4,3,5,4,,3,2,4,3,2,4,3,,,,,5,,,,5,4,,,,,
399,,Sweden,Torsby shakedown,4.3,snow,,,,3.84,,5,,3,5,4,4,5,5,3,,5,,3,,4,3,4,3,,,4,5,,,4,3,3,5,4,3,,4,0,5,4,4,3,3,,,,,5,,,,4,,,,,,
400,,Czech Republic,Vinec-Skalsko,17.8,tarmac,,,,2.82,,2,,3,2,2,3,2,,2,,2,,,0,3,4,3,2,,,3,,,4,3,,5,3,3,4,,,2,3,4,2,4,2,,,,,4,3,,,,,,,,,
401,,Czech Republic,Vinec-Skalsko NIGHT,17.8,tarmac,,,,2.54,,1,,3,1,1,3,2,,2,,2,,,0,3,4,3,2,,,3,,,3,3,,5,2,3,4,,,2,3,4,2,2,2,,,,,3,3,,,,,,,,,
402,,Czech Republic,Zadverice,14.8,tarmac,,,,4.13,,4,,4,4,5,5,4,5,3,5,,,,4,4,5,5,4,,,4,,,5,5,4,5,3,4,5,,,3,4,3,4,3,3,,,,,5,4,,,,3,,,,,
403,,Czech Republic,Zadverice II,14.8,tarmac,,,,4.10,,4,,4,4,4,4,4,5,3,5,,,,4,4,5,5,4,,,4,,,5,5,4,5,3,4,5,,,3,5,3,4,3,3,,,,,5,4,,,,3,,,,,
404,,Slovakia,Uhorna snow,11.4,snow,,,,3.21,,3,,3,2,4,3,4,4,0,5,,,,2,5,3,4,4,,4,4,,,5,3,,5,3,1,,,4,2,3,3,2,3,3,,,,,,,,,2,,,,,,
405,,Slovakia,Uhorna snow II,11.3,snow,,,,3.17,,3,,3,2,4,3,4,4,0,5,,,,2,5,3,4,4,,,4,,,5,3,,5,3,1,,,4,2,2,3,2,3,3,,,,,,,,,2,4,,,,,
406,,Italy,Aragona,6.4,tarmac,,,,1.20,,1,,2,0,,,,,,,,,,2,,,,,,,,,,,,,,,,,,,,,,,,1,,,,,,,,,,,,,,,
407,,Italy,Muxarello,15.4,tarmac,,,,1.00,,1,,2,0,,,,0,,,,,,2,,,,,,,,,,,,,,,,,,,,,,,,1,,,,,,,,,,,,,,,
408,,Hungary,Ring Kulso 2011 pre-alpha V0.6,7.3,tarmac,,,,2.50,,3,,3,0,,,,,,,,,,,,,,,,,,,,4,,,,,,,,,,,,,,,,,,,,,,,,,,,,,
409,,Hungary,Ring Belso 2011 pre-alpha V0.6,6.3,tarmac,,,,2.50,,3,,3,0,,,,,,,,,,,,,,,,,,,,4,,,,,,,,,,,,,,,,,,,,,,,,,,,,,
410,,Sweden,Vargassence,14.9,snow,,,,4.39,,5,,5,4,5,5,5,5,4,5,4,,5,4,3,5,5,,,,4,,,5,3,5,3,5,5,5,,4,3,,4,4,5,3,,,,,5,,,,,4,,,,,
411,,Czech Republic,Komarov,7.4,tarmac,,,,4.03,,4,,4,2,5,3,5,4,2,4,5,,,4,4,3,4,5,,3,4,5,,5,5,5,4,4,4,5,,3,4,4,4,4,4,4,,,,,,4,,,4,,,,,,
412,,Czech Republic,Komarov II,7.2,tarmac,,,,4.12,,4,,4,2,5,3,5,,2,4,5,,,4,4,3,4,5,,,4,5,,5,5,5,4,4,4,5,,3,4,5,4,4,4,4,,,,,5,4,,,4,,,,,,
413,,Czech Republic,Komarov Snow,7.4,snow,,,,3.38,,3,,3,2,5,3,4,4,1,4,,,,4,3,3,3,3,,3,4,,,5,5,3,4,3,0,5,,3,3,3,3,4,3,4,,,,,,4,,,4,,,,,,
414,,Czech Republic,Komarov Snow II,7.2,snow,,,,3.43,,3,,3,2,5,3,4,,1,4,,,,4,3,,3,3,,,4,5,,5,5,3,4,3,0,5,,3,3,3,3,4,3,4,,,,,,4,,,4,,,,,,
415,,Sweden,Vargassence Mirror-Reverse,15,snow,,,,4.30,,5,,4,4,5,4,4,,4,5,,,,4,3,5,5,,,,4,5,,5,3,5,3,5,5,5,,4,3,5,4,4,,4,,,,,,,,,,,,,,,
416,,Czech Republic,Biskupice SSS,2.3,tarmac,,,,3.68,,4,,3,5,3,3,4,3,4,2,,,,5,5,2,5,3,,,4,5,,4,2,4,3,3,3,5,,3,5,4,3,3,4,5,,,,,3,4,,,4,3,,,,,
417,,Monaco,Lucéram - Col Saint-Roch,5.7,tarmac,,,,4.24,,4,,5,5,4,4,4,4,4,,,,,4,5,5,3,4,,5,4,,,,4,4,5,4,,4,,4,4,5,5,4,4,4,,,,,4,,,,,4,,,,,
418,,Italy,Pian del Colle,8.3,tarmac,,,,3.56,,3,,3,5,4,4,4,3,3,,4,,,2,5,3,3,5,,,3,,,,5,3,2,5,4,,,,4,,3,2,4,3,,,,,4,3,,,,,,,,,
419,,Italy,Pian del Colle Reversed,8.4,tarmac,,,,3.52,,3,,3,5,4,4,4,3,3,,,,,2,5,3,3,5,,,3,,,,5,3,2,5,,,,,4,,3,2,4,3,,,,,4,3,,,,,,,,,
420,,Italy,Pian del Colle Snow,8.3,snow,,,,3.14,,2,,3,4,4,3,4,4,3,,,,,2,4,3,,5,,,,,,,4,3,1,3,,,,,3,,3,2,3,3,,,,,,,,,,,,,,,
421,,Italy,Pian del Colle Snow Reversed,8.4,snow,,,,3.19,,2,,3,4,4,3,4,4,3,,,,,2,4,3,,5,,,,,,,4,3,1,3,,,,,3,,3,2,3,4,,,,,,,,,,,,,,,
422,,Sweden,Torsby 2018,9.7,snow,,,,3.93,,5,,2,5,4,4,5,4,2,4,4,,3,,5,5,5,5,,,4,5,,,3,3,4,5,,,,4,0,5,5,5,3,3,,,,,,4,,,,3,,,,,
423,,Sweden,Torsby 2018 Sprint,3.5,snow,,,,3.33,,5,,2,3,4,4,5,4,2,1,3,,3,,5,2,5,5,,,4,5,,,3,3,4,3,,,,4,0,5,4,5,1,2,,,,,2,,,,,2,,,,,
424,,Czech Republic,Biskupice 2004,7.5,tarmac,,,,4.68,,5,,5,5,3,4,5,5,4,,4,,,5,4,5,5,5,,,5,5,,5,5,5,5,5,4,5,,5,5,5,3,5,5,5,,,,,5,5,,,5,3,,,,,
425,,Czech Republic,Biskupice 2004 II,7.9,tarmac,,,,4.69,,5,,5,5,3,4,5,5,4,,4,,,5,4,5,5,5,,,5,5,,5,5,5,5,5,4,5,,5,5,4,3,5,5,5,,,,,,5,,,5,,,,,,
426,,Czech Republic,Helfstyn,13.9,tarmac,,,,4.60,,4,,5,5,5,3,4,5,2,,4,,,4,4,5,5,5,,5,5,5,,5,5,5,5,4,3,5,,5,5,5,5,5,4,5,,,,,5,5,,5,,5,,,,,
427,,Czech Republic,Zaton,6.7,tarmac,,,,3.66,,4,,4,3,3,4,4,5,1,,,,,3,3,4,5,4,,5,4,3,,4,5,3,4,4,4,4,,4,4,4,3,3,4,2,,,,,,3,,,3,,,,,,
428,,Czech Republic,Zaton II,6.7,tarmac,,,,3.50,,3,,4,3,3,4,4,,1,,,,,3,3,4,5,4,,,4,3,,4,5,3,4,4,4,4,,4,4,3,3,3,4,2,,,,,,3,,,3,,,,,,
429,,Spain,Era del Cardon,9.5,tarmac	,,,,3.50,,4,,4,3,3,4,4,,0,,,,,3,3,4,,5,,4,4,4,,,3,5,3,4,2,5,,3,3,4,3,3,4,3,,,,,,,,,,4,,,,,
430,,Slovenia,Drazgose 2014 (ex-name Zelezniki),9.5,tarmac,,,,4.30,,4,,3,5,5,5,5,5,0,5,,,,5,4,5,4,5,,5,5,5,,5,5,,5,4,3,,,3,5,4,5,3,4,3,,,,,5,,,,,,,,,,
431,,New Zealand,Inland Road 2022,5.6,gravel,,,,3.90,,4,,5,5,4,5,5,4,2,,,,5,,2,3,3,5,,,5,4,,5,3,,4,5,2,,,4,5,4,3,4,4,3,,,,,,,,,3,3,,,,,
432,,New Zealand,Inland Road Reversed 2022,5.7,gravel,,,,3.86,,4,,5,5,4,5,5,4,2,,,,5,,2,3,3,5,,,5,4,,5,3,,4,5,2,,,4,5,4,2,4,4,3,,,,,,,,,3,3,,,,,
433,,Finland,Harju 2019,2.3,gravel,,,,4.35,,5,,5,5,3,5,5,3,3,,4,,3,5,5,3,5,3,,4,5,5,,5,5,5,2,5,5,,,5,5,5,5,3,5,4,,,,,4,,,,4,5,,,,,
434,,France,Alpes Rally,10.2,tarmac,,,,3.33,,3,,1,3,5,4,3,4,0,0,,,,2,5,2,,2,,5,4,3,,3,5,4,5,3,4,5,,5,5,3,3,2,4,3,,,,,3,4,,,,3,,,,,
435,,Switzerland,Rally Diepflingen 2022,5.3,gravel,,,,2.73,,2,,3,4,3,3,2,2,3,,,,1,3,4,3,1,3,,3,5,5,,,2,3,3,1,5,,,2,4,2,2,2,4,1,,,,,,,,,,1,,,,,
436,,Czech Republic,Barak,5.5,tarmac,,,,3.44,,3,,3,5,4,3,3,,1,,,,,3,3,2,3,4,,3,4,,,4,4,,4,2,3,,,,5,4,3,3,3,5,,,,,,4,,,5,,,,,,
437,,Czech Republic,Barak Snow,3.5,snow,,,,3.21,,3,,3,3,3,4,3,,1,,,,,2,3,2,3,2,,3,4,,,4,4,,4,2,3,,,,4,5,2,3,3,5,,,,,,4,,,5,3,,,,,
438,,Austria,Mitterbach Tarmac,2.7,tarmac,,,,2.96,,1,,1,5,3,3,3,3,2,,,,4,,4,4,3,2,,,,,,3,3,,4,2,3,,,3,5,3,2,,,2,,,,,2,3,,,,4,,,,,
439,,Czech Republic,Olsava 2010,1.6,tarmac,,,,3.00,,2,,2,3,3,3,2,,,,4,,,3,4,5,3,,,,4,,,4,2,3,2,2,3,,,3,5,3,2,,3,2,,,,,,3,,,3,3,,,,,
440,,Czech Republic,Olsava long,3.1,tarmac,,,,2.96,,2,,2,3,3,3,2,,,,4,,,3,4,4,3,,,,4,,,4,2,3,2,0,5,,,2,5,3,3,,3,2,,,,,,3,,,3,3,,,,,
441,,Czech Republic,Banov,3,tarmac,,,,3.75,,4,,4,5,5,3,4,4,,,4,,5,4,5,3,,,,,4,4,,5,4,,3,2,2,,,,5,4,,3,4,3,,,,,2,4,,,3,3,,,,,
442,,Czech Republic,Banov II,3,tarmac,,,,3.73,,4,,4,5,5,3,4,4,,,,,5,4,5,3,,,,,4,4,,5,4,,3,2,2,,,,5,3,,,4,3,,,,,2,4,,,3,3,,,,,
443,,Czech Republic,Banov Okruh,12.7,tarmac,,,,3.80,,3,,3,5,5,3,4,4,,,,,4,3,5,4,,,,,4,,,5,3,,4,3,4,,,,5,5,4,,5,3,,,,,1,4,,,2,,,,,,
444,,Czech Republic,Koprivnice SS1,2.2,tarmac,,,,2.71,,2,,2,3,,2,2,,3,,3,,,3,5,3,,,,,,,,4,2,,2,2,3,,,3,5,2,,2,2,2,,,,,2,3,,,,3,,,,,
445,,Czech Republic,Koprivnice SS2,4.2,tarmac,,,,3.00,,3,,2,3,,,2,,3,,3,,,3,5,3,,,,,,,,4,2,,2,2,4,,,,5,3,,,,2,,,,,,3,,,,3,,,,,
446,,Czech Republic,Koprivnice SS3,5.3,tarmac,,,,3.14,,3,,2,4,,3,2,,3,,3,,,3,5,3,,,,,,,,4,2,,2,2,5,,,3,5,4,,,,2,,,,,,3,,,,3,,,,,
447,,Czech Republic,Koprivnice SS4,5.4,tarmac,,,,3.05,,3,,2,3,,,2,,3,,3,,,3,5,3,,,,,,,,4,2,,2,2,5,,,,5,4,,,2,2,,,,,,3,,,,3,,,,,
448,,Czech Republic,Horažďovice-Komušín,4.9,tarmac,,,,3.36,,2,,3,3,4,4,2,,3,1,,,,,5,5,,,,3,4,,,5,4,,3,3,,,,,5,4,4,3,4,2,,,,,3,3,,,,2,,,,,
449,,Czech Republic,SSS Valasske Mezirici,3.6,tarmac,,,,4.17,,5,,5,5,4,3,4,4,5,,5,,,5,5,5,,,,,4,5,,5,,4,3,5,4,,,,5,3,4,3,4,2,,,,,3,4,,,5,3,,,,,
450,,Spain,Gabiria-Legazpi 2004,6.5,tarmac,,,,4.79,,5,,5,5,3,5,5,4,4,,5,,5,5,5,5,5,5,,4,5,5,,5,5,,5,5,5,,,5,5,5,5,3,5,5,5,,,,5,,,,5,5,,,,,
451,,Spain,La Atalaya TC1 ,7.5,tarmac,,,,3.60,,3,,3,3,4,4,4,,1,,,,,,4,4,,,,,4,,,,3,,3,5,,,,,5,,3,3,4,3,,,,,5,,,,4,,,,,,
452,,Spain,La Atalaya TC2,7.5,tarmac,,,,3.56,,3,,3,3,4,4,4,,1,,,,,,4,4,,,,,4,,,,3,,3,5,,,,,5,,3,3,,3,,,,,5,,,,,,,,,,
453,,Switzerland,Rally Diepflingen 2022 Reverse,5.3,gravel,,,,2.78,,2,,3,4,2,3,2,,3,,,,1,3,4,5,,,,2,4,5,,,2,,3,1,5,,,2,3,2,2,,,1,,,,,,,,,,,,,,,
454,,Spain,Era del Cardon II,9.5,tarmac,,,,3.19,,3,,3,2,3,4,4,,1,,,,,,3,4,,,,,4,4,,,,,3,4,3,,,3,2,4,3,3,4,3,,,,,,,,,,,,,,,
455,,Italy,Murello,7.2,tarmac,,,,3.32,,4,,3,4,4,3,4,,2,,,,,,4,3,,,,,3,,,,2,,5,2,,3,,4,4,4,3,3,,3,,,,,2,4,,,,,,,,,
456,,Spain,Legazpi-Gabiria 2004,6.5,tarmac,,,,4.72,,5,,5,5,3,5,5,4,4,,5,,5,5,5,5,5,,,4,5,5,,5,5,,5,5,3,,,5,5,5,5,3,5,5,,,,,5,,,,5,5,,,,,
457,,Spain,El Fargue SS1,6.7,tarmac,,,,2.48,,2,,3,4,4,,4,3,0,,,,,3,3,3,,,,,2,,,,1,,3,1,0,,,3,4,3,2,2,,2,,,,,,,,,,,,,,,
458,,Poland,Rosciszow-Walim,8.5,tarmac,,,,4.62,,5,,5,5,4,4,5,5,4,,,,4,,5,5,,,,5,5,5,,5,4,,5,4,2,5,,,5,5,5,3,5,5,,,,,,5,,,5,5,,,,,
459,,Poland,Walim-Rosciszow,8.5,tarmac,,,,4.68,,5,,5,5,4,,5,5,4,,,,4,,5,5,4,,,,5,5,,5,4,,5,5,3,5,,,5,5,5,3,,5,,,,,5,5,,,5,5,,,,,
460,,Italy,PS Valstagna,12.8,tarmac,,,,4.27,,5,,4,4,,,5,4,,,,,3,,,5,,,,,,,,,,,,,5,,,3,3,,5,3,,5,,,,,5,5,,,,,,,,,
461,,Spain,Sant Bartomeu- Valldoreix,9.8,tarmac,,,,3.09,,4,,2,4,,,4,,,,,,,,,2,,,,,,,,,,,,,,,,,3,,3,3,4,2,,,,,3,,,,,,,,,,
462,wallaby,Czech Republic,Odry,7.2,tarmac,,,,4.00,,3,,3,3,,,4,4,,,,,,,,,,,,,,,,,,,,,,,,,5,5,,,,4,,,,,4,5,,,4,,,,,,
463,wallaby,Czech Republic,Odry II,7.2,tarmac,,,,3.83,,3,,3,3,,,3,4,,,,,,,,,,,,,,,,,,,,,,,,,5,4,,,,4,,,,,4,5,,,4,4,,,,,
464,wallaby,Czech Republic,Odry Snow,6.2,snow,,,,3.50,,3,,3,3,,,3,4,,,,,,,,,,,,,,,,,,,,,,,,,5,5,,,,3,,,,,,4,,,2,,,,,,
465,wallaby,Czech Republic,Odry Snow II,6.2,snow,,,,3.45,,3,,3,3,,,3,4,,,,,,,,,,,,,,,,,,,,,,,,,5,4,,,,3,,,,,,4,,,2,4,,,,,
466,wallaby,Czech Republic,Odry snow Night,6.2,snow,,,,3.56,,3,,3,3,,,3,4,,,,,,,,,,,,,,,,,,,,,,,,,5,4,,,,3,,,,,,4,,,,,,,,,
467,wallaby,Czech Republic,Odry snow Night II,6.2,snow,,,,3.60,,3,,3,3,,,3,4,,,,,,,,,,,,,,,,,,,,,,,,,5,4,,,,3,,,,,,4,,,,4,,,,,
468,blender,Italy,PS Valstagna Reverse,13,tarmac,,,,4.55,,5,,4,4,,,5,4,,,,,,,,,,,,,,,,,,,,,,,,,5,5,,3,,5,,,,,5,5,,,,,,,,,
469,blender,Brazil,Estrada Da Banana - Uphill,4.4,gravel,,,,3.00,,3,,3,3,,,2,3,,,,,,,,,,,,,,,,,,,,,,,,,5,,,3,,1,,,,,3,3,,,4,3,,,,,
470,blender,Estonia,Narva-Kreenholmi-Rahvasprint-2022,3.3,gravel,,,,3.10,,4,,5,3,,,3,3,,,,,,,,,,,,,,,,,,,,,,,,,5,,,2,,3,,,,,,2,,,,1,,,,,
473,blender,Brazil,Estrada Da Banana - Downhill,4.4,gravel,,,,3.00,,3,,3,3,,,2,,,,,,,,,,,,,,,,,,,,,,,,,,5,,,3,,1,,,,,4,3,,,,,,,,,
474,blender,Spain,Valldoreix-Sant Bartumeu,9.4,tarmac,,,,2.90,,3,,2,2,,,3,,,,,,,,,2,,,,,,,,,,,,,,,,,5,,,3,,2,,,,,3,4,,,,,,,,,
476,blender,Spain,La Mussara Shakdown I,7.4,tarmac,,,,4.67,,4,,5,5,,,5,,,,,,,,,5,,,,,,,,,,,,,,,,,5,4,,4,,4,,,,,5,,,,5,5,,,,,
477,blender,Spain,La Mussara Shakdown II,7.4,tarmac,,,,4.64,,4,,5,5,,,5,,,,,,,,,5,,,,,,,,,,,,,,,,,5,4,,4,,4,,,,,5,,,,5,,,,,,
478,blender,Czech Republic,Zlin SS1,9.6,tarmac,,,,4.62,,5,,3,5,,,5,,,,,,,,,4,,,,,,,,,,,,,,,,,5,5,,3,,5,,,,,5,5,,5,5,,,,,,
479,blender,Poland,Ul-Rajdowa,1.6,tarmac,,,,2.50,,3,,3,3,,,2,,,,,,,,,,,,,,,,,,,,,,,,,,2,3,,,,2,,,,,2,,,,,,,,,,
480,blender,Poland,Ul-Rajdowa R,1.6,tarmac,,,,2.57,,3,,3,3,,,2,,,,,,,,,,,,,,,,,,,,,,,,,,2,3,,,,2,,,,,,,,,,,,,,,
481,blender,France,SSS Alpes School Rally,1.8,tarmac,,,,3.00,,3,,3,2,,,2,,,,,,,,,,,,,,,,,,,,,,,,,,5,4,,,,3,,,,,,3,,,,2,,,,,
482,blender,Hungary,RabocsiRing 2021 Rally Hungary SS1,2.4,tarmac,,,,3.75,,4,,,4,,,4,3,,,,,,,,,,,,,,,,,,,,,,,,,5,,,,,3,,,,,,3,,,,4,,,,,
483,blender,Hungary,RabocsiRing RX,3.3,tarmac,,,,3.71,,4,,,4,,,4,3,,,,,,,,,,,,,,,,,,,,,,,,,5,,,,,3,,,,,,3,,,,,,,,,
484,blender,Spain,Vacarisses SS2,6,tarmac,,,,3.57,,3,,,3,,,3,,,,,,,,,,,,,,,,,,,,,,,,,,5,3,,,,3,,,,,,,,,5,,,,,,
485,blender,Poland ,Woliborz-Jodlownik,8.2,tarmac,,,,4.80,,5,,,4,,,4,5,,,,,,,,,,,,,,,,,,,,,,,,,5,5,,,,5,,,,,5,5,,,,5,,,,,
487,blender,Finland,Vesikkola,9.1,gravel,,,,4.33,,5,,,4,,,4,4,,,,,,,,,,,,,,,,,,,,,,,,,5,4,,,,4,,,,,,,,,4,5,,,,,
488,blender,Finland,Saalahti,4.7,gravel,,,,4.80,,5,,,4,,,5,4,,,,,,,,,,,,,,,,,,,,,,,,,5,5,,,,5,,,,,,5,,,5,5,,,,,
489,blender,Spain,Vacarisses SS1,6,tarmac,,,,3.50,,3,,,,,,3,,,,,,,,,,,,,,,,,,,,,,,,,,,,,,,3,,,,,4,3,,,5,,,,,,
500,wallaby,Japan,Akagi,3.5,tarmac,,,,2.75,,2,,2,2,1,3,3,,2,,,,5,,5,3,,,,2,2,,,2,3,3,3,3,0,,,3,5,3,2,2,3,3,,,,,3,,,,4,3,,,,,
501,blender,Finland,Myhinpaa 2023,15.6,gravel,,,,4.38,,5,,,,,,5,,,,,,,,,,,,,,,,,,,,,,,,,,,,,5,,4,,,,,4,5,,,3,4,,,,,
502,blender,Finland,Savopohja,14.4,snow,,,,4.60,,5,,,,,,5,,,,,,,,,,,,,,,,,,,,,,,,,,,,,4,,4,,,,,,,,,,5,,,,,
503,blender,Czech Republic,Sunava Shakedown,3.3,tarmac,,,,3.38,,4,,,,,,3,,,,,,,,,,,,,,,,,,,,,,,,,,,,,,,4,,,,,3,4,,5,3,1,,,,,
504,blender,Poland,Witoszow-Zloty Las,5.4,tarmac,,,,4.88,,5,,,,,,4,,,,,,,,,,,,,,,,,,,,,,,,,,,5,,,,5,,,,,,5,,5,5,5,,,,,
505,blender,Poland,Zloty Las-Witoszow,5.5,tarmac,,,,4.89,,5,,,,,,4,,,,,,,,,,,,,,,,,,,,,,,,,,,5,,,,5,,,,,5,5,,5,5,5,,,,,
506,blender,Poland,Kaczyce,3.5,tarmac,,,,2.43,,3,,,,,,3,,,,,,,,,,,,,,,,,,,,,,,,,,,4,,,,4,,,,,,,,2,0,1,,,,,
507,blender,Poland,Jodlownik-Woliborz,8.2,tarmac,,,,4.88,,5,,,,,,4,,,,,,,,,,,,,,,,,,,,,,,,,,,5,,,,5,,,,,5,5,,5,,5,,,,,
508,blender,Spain,Vilaplana 2007,13.9,tarmac,,,,4.88,,5,,,,,,5,,,,,,,,,,,,,,,,,,,,,,,,,,,,,5,,4,,,,,5,5,,5,,5,,,,,
1002,BTB,Hungary,Bikol Tardos,7.3,tarmac,,,,0.70,,0,,0,0,0,,0,,0,3,,,,0,0,0,,,1,,0,,,4,,,2,0,1,,,1,0,,1,,0,2,,,,,0,1,,,,,,,,,
1003,BTB,Finland,Vyskälä SS1,2.1,gravel,,,,0.89,,0,,1,0,,,1,,0,0,,,,,,,,,2,,,,,,,,,,,,,2,,,,,,2,,,,,,,,,,,,,,,
1004,BTB,Finland,Vyskälä SS2,2.1,gravel,,,,0.89,,0,,1,0,,,1,,0,0,,,,,,,,,2,,,,,,,,,,,,,2,,,,,,2,,,,,,,,,,,,,,,
1005,BTB,Finland,Vyskälä SS3,5.8,snow,,,,3.35,,4,,4,4,3,4,4,,2,0,,,,,4,3,4,,4,,,,,,,,3,5,5,,,4,2,,3,3,,2,,,,,,,,,,,,,,,
1006,BTB,Belgium,Burgknop,9.7,gravel,,,,0.86,,1,,0,0,,,,,0,0,,,,,,,,,2,,,,,,,,,,,,,,,,,,,3,,,,,,,,,,,,,,,
1007,BTB,Belgium,Burgknop II,9.7,gravel,,,,0.86,,1,,0,0,,,,,0,0,,,,,,,,,2,,,,,,,,,,,,,,,,,,,3,,,,,,,,,,,,,,,
1008,BTB,Canada,Le barrage des gorges,9.5,tarmac,,,,1.78,,1,,2,0,,2,2,3,2,3,,,,0,1,4,2,3,1,,,,,,3,,,1,,,,3,3,,0,0,3,1,,,,,,1,,,,,,,,,
1009,BTB,Spain,Arteara Artedara,13.3,tarmac,,,,2.88,,4,,4,3,3,4,4,,0,,,,,1,3,3,2,3,4,,3,,,2,3,4,3,2,2,,,4,3,,3,2,4,2,,,,,,,,,,,,,,,
1010,BTB,Spain,Cercados de Espino,7.7,tarmac,,,,2.69,,3,,3,3,,3,3,,0,,,,,1,3,3,3,,3,,,,,,,,4,2,,,,4,,,,2,,3,,,,,,,,,,,,,,,
1011,BTB,Spain,Olocau Gatova,8.6,tarmac,,,,3.12,,3,,4,2,4,3,4,,0,,,,,1,4,5,4,5,3,,2,,,3,3,3,4,3,,,,3,3,,2,3,3,3,,,,,4,,,,,,,,,,
1012,BTB,France,Course de Cote de Cauterets,1.6,tarmac,,,,1.44,,1,,1,4,,1,1,,1,,,,,0,4,1,,,2,,1,,,,,,2,0,3,,,,,,0,,,2,,,,,,1,,,1,,,,,,
1013,BTB,Greece,Limnis Plastiras,7.1,gravel,,,,2.58,,3,,3,2,,3,3,,,0,,,,,4,3,3,4,2,,,,,,,,,3,,,,2,3,,1,2,,3,,,,,,3,,2,,,,,,,
1014,BTB,Italy,Crastazza,20.7,gravel,,,,1.82,,2,,2,2,,3,1,0,,0,,,,,2,1,,,3,,,,,,,,,2,,,,3,2,,2,2,,2,,,,,,,,2,,,,,,,
1015,BTB,Czech Republic,Nechanice - Presin,7.8,tarmac,,,,2.71,,3,,2,3,4,2,2,,0,3,,,,1,3,2,,4,4,,3,,,,,,,2,,,,4,4,,2,,,2,,,,,,4,,,,3,,,,,
1016,BTB,Monaco,Lantosque - Luceram,7.2,tarmac,,,,2.58,,2,,2,4,0,3,3,,0,,,,,2,5,1,3,4,2,4,2,,,,2,1,4,1,,,,4,4,5,1,2,4,2,,,,,,,,,,,,,,,
1017,BTB,Monaco,Lantosque - Luceram II,7.2,tarmac,,,,2.58,,2,,2,4,0,3,3,,0,,,,,2,5,1,3,4,2,4,2,,,,2,1,4,1,,,,4,4,5,1,2,4,2,,,,,,,,,,,,,,,
1018,BTB,Madagascar,Antaramanana,14.4,gravel,,,,3.35,,3,,3,3,,4,3,4,3,,,,,,4,4,2,4,4,,4,,,,3,,,4,,,,4,3,2,3,3,4,2,,,,,4,,,,,,,,,,
1019,BTB,Madagascar,Antaramanana II,14.5,gravel,,,,3.35,,3,,3,3,,4,3,4,3,,,,,,4,4,2,4,4,,4,,,,3,,,4,,,,4,3,2,3,3,4,2,,,,,4,,,,,,,,,,
1020,BTB,Mexico,El Cubilete,13.7,gravel,,,,3.18,,3,,3,4,1,3,3,,,,,,5,,3,3,4,3,4,,3,,,,2,,,3,,,,4,,,3,3,4,3,,,,,,,,3,,3,,,,,
1021,BTB,Portugal,Serra d'Agua,11,tarmac,,,,1.67,,0,,2,3,,3,3,,0,,,,,0,2,0,2,1,2,,2,,,,4,,,0,,,,2,2,,0,2,3,2,,,,,,,,,,,,,,,
1022,BTB,Romania,Sibiu Superspecial,2.1,gravel,,,,1.14,,1,,1,0,,,,,0,,,,,,,,,,1,,,,,,,,,,,,,2,,,,,,3,,,,,,,,,,,,,,,
1023,BTB,Sweden,Blyfoten,4.9,gravel,,,,3.05,,2,,2,2,,3,3,3,,,,,,,3,3,,4,4,,4,,,,,,,4,,,,4,2,3,2,3,4,3,,,,,,,,,3,3,,,,,
1024,BTB,Sweden,Dead Head,2.5,snow,,,,2.14,,1,,1,5,,,,,,,,,,,,0,,,1,,,,,,,,,,,,,4,,,,,,3,,,,,,,,,,,,,,,
1025,BTB,Sweden,Hacke Pokalen,5.6,gravel,,,,3.40,,3,,3,4,,3,2,4,,,,,,,3,3,3,,4,,4,,,,,,,5,,,,5,,3,3,3,4,3,,,,,,,,4,,2,,,,,
1026,BTB,USA,Hurricane Peak Hillclimb Snow,6.2,tarmac,,,,2.25,,2,,3,5,,4,1,3,,0,,,,0,4,3,3,2,2,,,,,,3,,,2,,,,3,,0,2,2,,1,,,,,,,,,,,,,,,
1027,BTB,Sweden,Sagen Sweden 2012,14,snow,,,,2.39,,4,,3,2,4,3,3,,0,0,,,,,4,1,,,0,,,,,,,,,3,,,,3,,,4,4,,3,,,,,,2,,,,0,,,,,
1028,BTB,Finland,Ouninpohja,34.7,gravel,,,,3.94,,4,,3,4,2,4,4,5,0,,4,,5,4,4,5,4,5,4,,5,,,5,,,4,5,4,0,,4,2,5,5,5,5,3,,,,,,5,,5,,3,,,,,
1029,BTB,Finland,Ouninpohja II,35,gravel,,,,4.03,,3,,3,4,2,4,4,5,0,,4,,5,4,4,5,4,5,4,,5,,,5,,,4,5,4,,,4,2,5,5,5,5,3,,,,,,5,,5,,3,,,,,
1030,BTB,Finland,Vyskälä SS4 Evening,5.9,snow,,,,3.39,,4,,4,4,,4,4,4,2,0,,,,,4,3,,,4,,,,,,,,,5,5,,,4,,,3,3,,1,,,,,,,,,,3,,,,,
1031,BTB,Finland,Vyskälä SS4 Noon,5.9,snow,,,,3.39,,4,,4,4,,4,4,,2,0,4,,,,4,3,,,4,,,,,,,,,5,5,,,4,,,3,3,,1,,,,,,,,,,3,,,,,
1032,BTB,Spain,Bareyo,7.7,tarmac,,,,2.17,,1,,2,1,3,3,3,,0,1,3,,,2,3,3,1,,3,,3,,,,3,,4,3,,,,2,,,1,2,0,3,,,,,,2,,,,,,,,,
1033,BTB,Spain,Bareyo II,7.7,tarmac,,,,2.18,,1,,2,1,3,3,3,,0,1,3,,,2,3,3,1,,3,,3,,,,3,,4,3,,,,2,,,1,,0,3,,,,,,,,,,,,,,,
1034,BTB,Spain,Bareyo Snow,7.7,snow,,,,1.00,,0,,1,0,,,,,0,,,,,,4,,,,,,,,,,,,,,,,,,,,,,,,,,,,,,,,,,,,,,
1035,BTB,Spain,Bareyo Snow II,7.7,snow,,,,1.00,,0,,1,0,,,,,0,,,,,,4,,,,,,,,,,,,,,,,,,,,,,,,,,,,,,,,,,,,,,
1036,BTB,Sweden,Dylanda,6,gravel,,,,3.75,,4,,4,3,,3,4,,3,,,,,,4,3,4,4,4,,4,,,,,,,5,,,,4,4,,4,3,,3,,,,,,,,4,,4,,,,,
1037,BTB,Sweden,Dylanda II,5.9,gravel,,,,3.70,,4,,4,3,,3,4,,3,,,,,,4,3,4,4,4,,4,,,,,,,5,,,,4,4,,4,3,,3,,,,,,,,4,,3,,,,,
1038,BTB,Sweden,Erken,7.1,snow,,,,3.68,,4,,4,4,3,4,4,,3,,,,,,4,3,3,,4,,4,,,,,,,4,,,,,,4,4,3,,3,,,,,,,,4,,4,,,,,
1039,BTB,Sweden,Erken II,7,snow,,,,3.61,,4,,4,4,3,4,4,,3,,,,,,4,3,3,,4,,4,,,,,,,4,,,,,,3,4,3,,3,,,,,,,,4,,,,,,,
1040,BTB,Sweden,Gästabudstrofen,4.6,gravel,,,,3.83,,3,,3,3,,3,4,,,,,,,,3,4,4,3,4,,,,,,,,,5,,,,4,5,,4,3,,4,,,,,,,,,5,5,,,,,
1041,BTB,Australia,Kidney Health Snow,5.8,snow,,,,0.29,,0,,0,0,,,,1,,,,,,,0,0,,,,,,,,,,,,,,,,,,,,,,1,,,,,,,,,,,,,,,
1042,BTB,Madagascar,Miadamanjaka,11.2,gravel,,,,3.35,,3,,3,4,,4,3,3,3,,,,,,4,4,3,4,3,,4,,,,,,,4,,,,4,2,,3,3,4,2,,,,,,,,,,,,,,,
1043,BTB,Madagascar,Miadamanjaka II,11.2,gravel,,,,3.35,,3,,3,4,,4,3,3,3,,,,,,4,4,3,4,3,,4,,,,,,,4,,,,4,2,,3,3,4,2,,,,,,,,,,,,,,,
1044,BTB,Italy,Montecrestese,10.4,tarmac,,,,0.20,,0,,0,0,,,,,,,,,,,0,,,,,,,,,,,,,,,,,,,,,,,1,,,,,,,,,,,,,,,
1045,BTB,Monaco,Sainte - Agnes,5.2,tarmac,,,,1.83,,2,,3,1,2,3,2,,0,,2,,,0,3,3,1,2,2,,2,,,,2,,2,1,,,,3,2,,2,0,3,1,,,,,,,,,,,,,,,
1046,BTB,Sweden,Skogby,4.9,gravel,,,,3.95,,4,,4,4,,4,4,4,4,4,,,,,4,4,4,,4,,,,,,,,,5,,,,5,3,,3,3,,3,,,,,,,,,,5,,,,,
1047,BTB,Italy,Stoccareddo,5.7,tarmac,,,,2.67,,2,,2,4,1,3,2,4,,0,,,,,5,3,3,,3,,3,,,,3,,,3,,,,,3,,2,2,4,2,,,,,,,,2,,,,,,,
1048,BTB,Italy,Stoccareddo II,6.3,tarmac,,,,2.50,,1,,1,4,1,3,2,4,,0,,,,,5,3,3,,3,,3,,,,,,,2,,,,,3,,2,2,4,2,,,,,,,,2,,,,,,,
1049,BTB,Finland,Tikkala,7.1,snow,,,,2.29,,2,,3,2,3,3,2,,0,,,,,,0,3,,,3,,,,,,,,,3,,,,4,,,1,3,,2,,,,,,3,,,,2,,,,,
1050,BTB,United Kingdom,UK 2,7.9,gravel,,,,2.38,,3,,3,2,,2,2,,1,1,,,,,1,3,,3,2,,,,,4,3,3,,3,,,,3,2,2,3,0,,3,,,,,4,,,3,,1,,,,,
1051,BTB,Netherlands,Valkenswaard Rallycross,3.9,tarmac,,,,0.50,,0,,0,0,,,,,,,,,,,,,,,,,,,,,,,,,,,,,,,,,,2,,,,,,,,,,,,,,,
1052,BTB,Italy,Valvestino,7.5,tarmac,,,,1.00,,1,,1,0,,,,,,,,,,,,,,,,,,,,,,,,,,,,,,,,,,2,,,,,,,,,,,,,,,
1053,BTB,Italy,Valvestino II,6,tarmac,,,,2.00,,3,,2,0,,3,3,,,0,,,,,1,3,,,2,,3,,,,1,,,1,,,,,,,,3,,2,,,,,3,,,,,,,,,,
1054,BTB,Cyprus,Ypsonas Rallysprint,2.8,gravel,,,,2.55,,2,,3,1,,3,2,4,,0,,,5,,4,1,2,,3,,,,,,,,,3,,,,4,,3,3,2,3,1,,,,,,2,,,3,2,,,,,
1055,BTB,Finland,Hokkara Gravel,4,gravel,,,,3.96,,4,,4,3,,3,4,4,4,,,,5,,3,4,4,5,4,,,,,5,,,,5,,,,3,,4,5,4,,4,,,,,3,,,,3,4,,,,,
1056,BTB,Finland,Hokkara Gravel Rever,4.2,gravel,,,,3.87,,4,,4,3,,3,4,4,4,,,,5,,3,3,4,5,4,,,,,5,,,,5,,,,3,,3,5,4,,4,,,,,3,,,,3,4,,,,,
1057,BTB,Finland,Hokkara Snow,4,snow,,,,3.67,,4,,4,3,,3,4,,4,,,,,,3,3,4,4,4,,,,,5,,,,5,,,,4,,2,5,4,,4,,,,,3,,,,1,4,,,,,
1058,BTB,Finland,Hokkara Snow Rever,4.2,snow,,,,3.62,,4,,4,3,,3,4,,4,,,,,,3,3,4,4,4,,,,,5,,,,5,,,,4,,1,5,4,,4,,,,,3,,,,1,4,,,,,
1059,BTB,Finland,Myttäälä,5,gravel,,,,3.79,,3,,3,4,,3,4,,,,,,,,3,3,4,,4,,,,,,,,,3,,,,5,5,5,3,5,,3,,,,,,,,4,4,4,,,,,
1060,BTB,Finland,Pirttijärvi,6.7,gravel,,,,3.60,,3,,3,3,,3,3,,,,,,,,3,3,,,4,,,,,,,,,5,,,,4,,4,3,5,,4,,,,,,,,,,4,,,,,
1061,BTB,Finland,Sarvana,6.5,gravel,,,,4.40,,5,,4,5,,3,5,5,,,,,,,4,4,5,,4,,,,,,,,4,5,,,,5,5,4,3,5,,4,,,,,,,,,5,4,,,,,
1062,BTB,Finland,Pengonpohja,7.9,gravel,,,,4.67,,5,,4,5,,5,5,5,,5,,,5,,4,5,,5,4,,,,,,,,4,5,,,,5,5,5,4,5,,4,,,,,,,,,,4,,,,,
1063,BTB,New Zealand,Inland Road Shakedown 2021,4.9,gravel,,,,2.43,,2,,2,2,3,,2,,,,,,,,,,,,,,,,,,,,,,,,,3,,,,,,3,,,,,,,,,,,,,,,
1064,BTB,New Zealand,Inland Road Shakedown 2021 R,4.9,gravel,,,,2.43,,2,,2,2,3,,2,,,,,,,,,,,,,,,,,,,,,,,,,3,,,,,,3,,,,,,,,,,,,,,,
1065,BTB,Finland,Aittajärvi,22.5,snow,,,,3.47,,3,,3,2,,4,3,3,,,,,,,3,,,,4,,,,,,,,,3,4,,,5,,5,4,5,,2,,,,,2,,,,,4,,,,,
1066,BTB,Finland,Savo,8,gravel,,,,3.89,,3,,3,4,,3,4,4,,,,,,,3,3,4,,5,,,,,,,,,5,,,,5,,4,3,5,,4,,,,,4,,,,,4,,,,,
1067,BTB,Finland,Korpiaho,6.8,gravel,,,,3.75,,3,,3,3,,4,5,,,,,,,,3,4,4,,5,,,,,,,,,3,,,,3,,4,4,5,,3,,,,,,,,,,4,,,,,
1068,BTB,Finland,Makkola,7.4,gravel,,,,3.78,,3,,3,3,3,3,4,,,,,,,,3,3,,,5,,,,,,,,,5,4,,,4,5,4,4,5,,3,,,,,,,,4,4.5,3,,,,,
1069,BTB,Finland,Kaihuavaara 2021,19.9,snow,,,,4.14,,5,,5,1,,5,4,4,1,,,,,,5,3,4,5,5,,,,,3,,4,,5,5,,,5,,5,5,5,,3,,,,,,,,,,4,,,,,
1070,BTB,Finland,Karkaus,4.6,gravel,,,,3.13,,2,,3,2,,3,3,,,,,,,,3,3,,,4,,,,,,,,,3,,,,4,,4,3,3,,3,,,,,,,,,,4,,,,,
1071,BTB,New Zealand,Kuri Bush 1,7.2,gravel,,,,4.04,,4,,4,4,4,4,4,3,,,,,5,,2,4,3,5,4,4,,,,,4,4,,5,,,,5,5,4,4,5,4,3,,,,,,,,4,,4,,,,,
1072,BTB,New Zealand,Komokoriki Hill Road 2021,4.9,gravel,,,,3.75,,3,,3,4,,4,4,4,,,,,,,2,3,3,3,3,,4,,,,,4,,5,,,,4,5,5,4,4,4,3,,,,,5,,,4,,3,,,,,
1073,BTB,New Zealand,Komokoriki Hill Road 2021 R,4.9,gravel,,,,3.71,,3,,3,4,,4,4,4,,,,,,,2,3,3,3,3,,4,,,,,4,,5,,,,4,5,5,3,4,4,3,,,,,5,,,4,,3,,,,,
1074,BTB,New Zealand,Kuri Bush 2,8.3,gravel,,,,4.00,,4,,4,4,4,4,4,3,,,,,5,,2,4,3,4,4,,,,,,4,4,,5,,,,5,5,4,4,5,4,3,,,,,,,,4,,4,,,,,
1075,BTB,Finland,Kuohu,8.3,gravel,,,,3.29,,3,,3,2,,3,3,,,,5,,,,3,5,3,,2,,,,,,,,,3,,,,4,,3,4,5,,3,,,,,,,,,,2,,,,,
1076,BTB,Estonia,Laitse Rallypark,2.4,gravel,,,,3.10,,3,,3,4,,2,2,2,3,,,,,3,5,3,,4,3,,,,,,,,,3,,,,4,4,4,2,3,,3,,,,,,3,,,,2,,,,,
1077,BTB,Lebanon,Lebanon Rally SSS RPM,2.3,tarmac,,,,2.85,,3,,4,5,,3,3,2,4,,,,,3,4,3,,3,3,,,,,,,,,2,,,,3,2,,3,2,,1,,,,,,,,2,,2,,,,,
1078,BTB,Kenya,Ubunapa Kabula II,6.1,gravel,,,,3.86,,3,,3,5,,3,3,,4,,,,,,5,4,3,5,4,,4,,,,,,,5,,,,5,4,3,4,3,4,2,,,,,5,,,,,,,,,,
1079,BTB,Kenya,Kinamba Yala,13.7,gravel,,,,3.77,,3,,3,5,,4,2,,4,,,,,,5,4,3,5,4,,4,,,,,,,5,,,,5,4,3,4,4,4,2,,,,,4,2,,,,,,,,,
1080,BTB,Kenya,Karagita Ruma,4.4,gravel,,,,3.39,,2,,3,3,,4,2,1,4,,,,,,5,3,3,5,4,,4,,,,,,,5,,,,5,4,2,4,3,4,1,,,,,4,,,,,3,,,,,
1081,BTB,Madagascar,TMF A 2021,1.9,gravel,,,,2.59,,1,,2,4,,3,1,,2,,3,,,,5,3,,3,2,,,,,,,,,3,,,,4,3,1,2,2,4,3,,,,,3,1,,,,2,,,,,
1082,BTB,Finland,Kutemajärvi 1994,13,gravel,,,,4.21,,4,,4,4,,3,4,,,,,,,,3,4,4,5,5,,,,,,,,,5,,,,5,,4,5,5,5,3,,,,,,,,4,,4,,,,,
1083,BTB,Sweden,Norrlands Sprinten,4.3,gravel,,,,2.93,,2,,2,2,,3,3,,,,,,,,3,3,3,,3,,,,,,,,,5,,,,4,,,2,3,,3,,,,,,,,,,3,,,,,
1084,BTB,Finland,Mattila,13,gravel,,,,4.42,,5,,5,4,,4,5,,,5,,,,,3,4,4,,5,,,,,,,,,5,,,,5,,4,4,5,,3,,,,,,,,5,5,4,,,,,
1085,BTB,Sweden,Piren Tarmac,4.4,tarmac,,,,3.89,,2,,3,4,,4,4,,3,5,4,,,4,5,5,5,3,3,,4,,,,4,4,,3,4,,,4,5,4,4,3,5,3,,,,,,,,,,4,,,,,
1086,BTB,Sweden,Ramirent Sprinten 2010,3.4,gravel,,,,3.61,,3,,3,4,,3,4,3,3,,,,,,5,3,4,,3,,,,,,,,,4,,,,5,,,4,3,,3,,,,,,,,,5,3,,,,,
1087,BTB,Finland,Savulampi,9.6,gravel,,,,3.93,,4,,4,4,,3,4,4,,,,,,,3,3,,,4,,,,,,,,,5,,,,5,,,5,4,,3,,,,,,,,,,4,,,,,
1088,BTB,Finland,Hassi,7.8,gravel,,,,3.53,,3,,3,3,,2,3,3,,,,,5,,2,4,,,4,,,,,,,,,4,4,,,5,,,2,5,,4,,,,,,,,,,4,,,,,
1089,BTB,Finland,Vennivaara,5.7,snow,,,,3.81,,4,,4,5,,4,4,,,,,,,,3,5,4,,3,,,,,,,,,3,,,,5,,4,4,4,,2,,,,,,,,,,3,,,,,
1090,BTB,Finland,Vesala Shakedown,4.4,gravel,,,,3.53,,4,,3,5,,3,4,3,,,,,,,3,2,,,4,,,,,,,,,4,3,,,4,,4,3,4,,3,,,,,,,,4,3,4,,,,,
1091,BTB,Spain,Cueva Santa II,9.1,tarmac,,,,3.09,,4,,4,3,4,4,4,0,,,,,,0,4,3,,4,3,,4,,,,,3,4,3,,,,4,,,3,2,3,2,,,,,,,,3,,,,,,,
1092,BTB,Spain,Cueva Santa,9.2,tarmac,,,,3.29,,4,,4,3,4,4,4,,,,,,,0,4,3,,4,3,,4,,,,,3,4,4,,,,4,,,3,2,3,2,,,,,,,,3,,,,,,,
1093,BTB,USA,Colorado Springs West Circuit A,13.2,gravel,,,,2.35,,2,,2,4,,3,2,,,,,,,1,2,1,,2,2,,,,,,,,3,2,4,,,3,,,2,,,1,,,,,,,,,,4,,,,,
1094,BTB,USA,Colorado Springs West Hill Climb,12.6,gravel,,,,2.47,,2,,2,3,,4,2,,,,,,,1,2,1,,4,2,,,,,,,,3,2,4,,,3,,,3,3,,1,,,,,,,,,,,,,,,
1095,BTB,Italy,Monti di Ala,10.2,gravel,,,,3.00,,3,,3,3,,4,2,4,,,,,,,3,3,,,2,,,,,,,,4,4,,,,4,,,1,3,,2,,,,,,,,,,3,,,,,
1096,BTB,Finland,Laajavuori,4.1,gravel,,,,2.93,,3,,2,4,,2,3,,,,,,,,3,2,3,,3,,,,,,,,,4,,,,3,,,3,3,,2,,,,,,,,,,4,,,,,
1097,BTB,Finland,Ruuhimäki,6.9,gravel,,,,3.59,,3,,3,4,,4,3,,,,,,5,,4,3,3,,3,,,,,4,,,,4,3,,,3,,4,3,4,4,4,,,,,3,,,,4,4,,,,,
1098,BTB,Finland,Kuomiokoski,2.7,gravel,,,,3.39,,3,,3,4,,3,4,4,,,,,,,3,3,4,,3,,,,,,,,,4,,,,4,,3,3,3,,3,,,,,,3,,,,4,,,,,
1099,BTB,Finland,Pöykky,4.4,gravel,,,,3.35,,3,,3,3,,4,3,,,,,,,,3,3,,,2,,,,,,,,,4,,,,4,,3,4,4,,4,,,,,,,,3,3,4,,,,,
1100,BTB,Finland,Myllylähde,5.9,gravel,,,,3.38,,3,,3,2,,3,3,,,,,,,,3,4,3,,4,,,,,,,,,4,,,,4,,,3,3,,4,,,,,,,,4,,4,,,,,
1101,BTB,Cyprus,Platres Hillclimb,1.7,tarmac,,,,2.43,,1,,2,5,,,1,,,,,,,2,5,2,,,2,,,,,,,,,2,,,,3,,,,,,1,,,,,,3,,3,2,,,,,,
1102,BTB,Kenya,Ubunapa Kabula,6.2,gravel,,,,4.05,,4,,4,5,,3,3,4,4,,,,,,5,4,4,5,4,,,,,,,,,5,,,,5,,,4,3,4,2,,,,,5,,,,4,,,,,,
1103,BTB,Finland,Pirttikulma,7,gravel,,,,4.24,,5,,5,5,,4,4,4,,,,,,,3,4,4,5,4,,,,,,,,,5,,,,4,,,4,4,,4,,,,,,,,,,4,,,,,
1104,BTB,Sweden,Gränbäcken,9.9,gravel,,,,4.00,,4,,4,4,,3,4,,,,,,,,3,4,,5,4,,4,,,,,,,4,,,,3,5,,5,4,,4,,,,,,,,4,,4,,,,,
1105,BTB,Finland,Karankamäki,4.2,gravel,,,,3.27,,3,,3,4,,3,4,,,,,,,,3,3,3,,3,,,,,,,,,3,,,,4,,,2,4,,3,,,,,,,,,,4,,,,,
1106,BTB,New Zealand,Te Parae Road,7,gravel,,,,3.21,,2,,3,4,,3,3,,,,,,5,,2,3,2,3,3,,3,,,,2,,,3,,,,3,5,4,2,4,5,3,,,,,,3,,4,,3,,,,,
1107,BTB,New Zealand,Te Parae Road II,7,gravel,,,,3.17,,2,,3,4,,3,3,,,,,,5,,2,3,2,3,3,,3,,,,2,,,3,,,,3,5,3,2,4,5,3,,,,,,,,4,,3,,,,,
1108,BTB,Finland,Koirakivi,4.6,snow,,,,4.33,,5,,4,5,,5,5,,,,,,,,3,4,,,5,,,,,,,,,5,,,,5,,,3,4,5,3,,,,,,,,,,4,,,,,
1109,BTB,Finland,Pirttikulma snow,7.5,snow,,,,3.56,,3,,4,5,,4,3,3,,,,,,,3,3,,,4,,,,,,,,,3,,,,4,,3,4,4,,3,,,,,,,,,,4,,,,,
1110,BTB,Finland,Kaihuavaara 2022,28,snow,,,,4.14,,4,,5,3,,5,4,4,,,,,,,5,3,,5,5,,4,,,,,,4,3,5,,,4,,,5,4,,3,,,,,4,,,4,,4,,,,,
1111,BTB,Sweden,Piren Gravel,4.4,gravel,,,,3.86,,3,,3,5,,3,4,,,,,,,,5,4,4,5,4,,,,,4,4,,,5,,,,3,5,3,4,3,4,3,,,,,,,,4,,3,,,,,
1112,BTB,Kenya,Elmenteita,3.6,gravel,,,,4.14,,4,,4,5,,4,4,,3,,,,,,4,5,5,5,4,,4,,,,,,,5,,,,5,,,4,4,4,3,,,,,3,,,4,,4,,,,,
1113,BTB,Kenya,Ulu Karagita,8.7,gravel,,,,3.79,,2,,3,5,,4,3,,4,,,,,,5,3,4,5,4,,4,,,,,,,5,,,,5,,,4,,4,2,,,,,3,,,3,,,,,,,
1114,BTB,Kenya,Sleeping Warrior 2019,27,gravel,,,,2.81,,2,,3,5,3,4,2,2,,,,,,0,5,3,,5,3,,3,,,2,,4,4,1,0,,,4,,1,0,4,4,3,,,,,3,,,3,,,,,,,
1115,BTB,Belgium,Fintele,4.6,tarmac,,,,3.45,,4,,4,5,4,3,4,2,4,,5,,,4,5,3,3,4,4,,5,,,3,3,,,4,3,,,4,0,,2,3,4,2,,,,,2,3,,4,3,4,,,,,
1116,BTB,Finland,Hakolahti sprint,2.8,snow,,,,3.82,,4,,4,4,,3,4,,,,4,,,,3,3,4,,4,,,,,,,,,5,5,,,5,,,3,3,,3,,,,,,,,,,4,,,,,
1117,BTB,Finland,Pengonpohja II,8.6,gravel,,,,4.39,,5,,4,4,,4,5,,,,,,,,3,4,4,4,4,,,,,,,,,5,,,,5,5,5,5,5,,4,,,,,,,,,,4,,,,,
1118,BTB,Finland,Sarvana II,7.2,gravel,,,,4.26,,5,,4,5,,4,5,5,,,,,,,3,4,4,4,4,,,,,,,,,5,,,,5,5,,4,3,,4,,,,,4,,,,,4,,,,,
1119,BTB,Spain,La Serra d'Almos,4.1,tarmac,,,,4.44,,5,,5,5,4,5,5,,,,5,,,3,5,5,,5,5,5,,,,,4,,5,3,4,,,5,,,4,3,,3,,,,,5,,,4,4,5,,,,,
1120,BTB,Finland,Palvaanjärvi Sprint,3.9,snow,,,,4.10,,5,,4,5,,,4,,,,,,,,,4,,,,,,,,,,,,,5,,,5,,,,3,,2,,,,,,,,,,4,,,,,
1121,BTB,Finland,Ahvenus I,5.1,snow,,,,3.71,,4,,,,,,4,,,,,,,,,,,,,,,,,,,,,,,,,,,,,5,,3,,,,,2,,,4,,4,,,,,
1122,BTB,Finland,Ahvenus II,5.5,snow,,,,4.00,,4,,,,,,4,,,,,,,,,,,,,,,,,,,,,,,,,,,,,5,,3,,,,,,,,4,,4,,,,,
1124,BTB,Finland,Ouninpohja 1986,7.5,gravel,,,,4.45,,4,,4,5,,,4,,,,,,,,,,,,,,,,,,,,,,,,,,,,,5,,4,,,,,5,5,,4,5,4,,,,,